,SE-N thermal,SE-S thermal,NO-N thermal,NO-S thermal,DK thermal,FI thermal,SE-N hydro_ror,SE-S hydro_ror,NO-N hydro_ror,NO-S hydro_ror,FI hydro_ror,SE-S nuclear,FI nuclear
0,0.3307193187251562,0.4364434736896172,0.8631491707579354,0.41187073728794943,0.42537825203992724,0.5064429684780103,0.5997797793332048,0.7485702494639194,0.2252324254365835,0.4890022229669525,0.6273617539261978,0.8426264492753623,0.9909245075568182
1,0.6483249222571874,0.70116352187571,0.8695947760419026,0.4072419755515924,0.6162054537202376,0.6762052393000013,0.4950534548086703,0.716157376731757,0.2753543165393829,0.5162242464521678,0.6264973180469818,0.8423006038647344,0.8659148011837122
2,0.8702048664827415,0.7716007407109358,0.8624796594098808,0.3608258888495841,0.8131449830875703,0.829342626676985,0.584352867418789,0.6399567849094859,0.2689786996836517,0.5399748755244718,0.6512445134502278,0.8423948671497584,0.8516393749242424
3,0.8765818125411446,0.7024441693217539,0.8954761371873793,0.31184848522874037,0.5793128352255598,0.8024107809439592,0.7130150596876816,0.6752917567538076,0.24717282394047937,0.5375467185758188,0.6098580620006756,0.8422497584541063,0.8190737215435605
4,0.8988640116684107,0.7179051153729535,0.8909976856846835,0.31933013725433385,0.7967493680615142,0.8511456562052153,0.6360198857302016,0.6735462218820678,0.24811741404464513,0.5375022004819253,0.5745081497318485,0.8416308574879228,0.8794996212026516
5,0.9017429487699683,0.6630595113543769,0.9064621709045115,0.3359893188842242,0.7444682606203764,0.8462148413049099,0.7130150596876816,0.8820185622752633,0.23258545712240866,0.5305409942720807,0.6454375559772679,0.8414396739130434,0.9907814962121213
6,0.7919054718802215,0.6741264770397617,0.9172629149833516,0.4124380347933905,0.7165171989968494,0.7316321845037285,0.5827557544272491,0.8279924857960256,0.21915281727002617,0.53159812951692,0.6083120492125016,0.842518115942029,0.9934177557196969
7,0.7488933264449089,0.5911730212480657,0.9039218593490442,0.4213605968603392,0.640449363754725,0.6425516860655908,0.4742463735721606,0.8250285578990293,0.23747165203914816,0.5793095492215323,0.6768660404272943,0.8424634661835748,0.994479147717803
8,0.8248353871898518,0.646009024850884,0.8911602976168709,0.49451418624877547,0.8517967593068058,0.6738684958810205,0.5302182178918599,0.9765531165213148,0.24773318890453921,0.640385323310962,0.4018192294143159,0.8422654589371982,0.9849459753124999
9,0.8486038400064406,0.6333574518030001,0.7954956001878836,0.5635320046916712,0.7745296489304254,0.7058919067552327,0.5928115271838496,0.8987075000835562,0.2632311487892072,0.6323388473248581,0.5943296608032661,0.8423936594202899,0.7851701798768939
10,0.8354909375516559,0.6173316366820158,0.8476511717423264,0.7526060690020653,0.6288409105214859,0.5561166738044693,0.5566488123328376,0.6878205107978554,0.2651610668270388,0.6395226440041699,0.6941935230424537,0.8423483695652174,0.6360791950473484
11,0.5940179901240197,0.6105441266018641,0.840949532195994,0.613280913315519,0.7210327017813543,0.5138668476902539,0.47829818521366807,0.7308610543679194,0.27980968692831487,0.6275524742908009,0.724498761312394,0.8420015700483092,0.6359880208901515
12,0.663675769344505,0.6349165682931942,0.8366016351202085,0.5293034708212359,0.5980672455433014,0.5475294306634961,0.46335910139113906,0.9022515665928372,0.27927423358661124,0.5990958081356026,0.724498761312394,0.8415553140096619,0.6221151894412879
13,0.5976982734608176,0.607135644681119,0.8421135992573856,0.47510395149309614,0.5616616255147442,0.5471805248940035,0.42139631780056563,0.8428685317232621,0.2258490613593774,0.5649552886930596,0.6279320686048406,0.8122057367149759,0.6358476137121212
14,0.3989869159692143,0.5243391112590743,0.867676568280794,0.6073623605821239,0.5041229223883466,0.5284398286191456,0.4515460869784853,0.7935111560657129,0.21168636443300268,0.5568912992436218,0.6310084729534332,0.8411402173913043,0.6359972632670455
15,0.6238768525829574,0.6713483927396768,0.8619729926754025,0.5659939725768436,0.7595387097522271,0.6015717322423085,0.5121556687483595,0.6438678856392415,0.24000150055889954,0.5944099962781065,0.7255498603046645,0.8413765096618357,0.6359645549242424
16,0.7063526383682388,0.6253917096841856,0.8604914940175727,0.6513205790455701,0.7443390569456914,0.6081288059524755,0.5035048919961312,0.8867780547588795,0.14034240878389664,0.42499074046245033,0.712490699924215,0.8415833937198068,0.6361632102083333
17,0.7215156496132135,0.6942660525464865,0.8789822902727249,0.4318650045314927,0.7032456625663825,0.6205848599688416,0.4822652871387877,0.8867780547588795,0.1507244006703278,0.44133080175279266,0.5577722820167431,0.8416444444444444,0.6360918749810606
18,0.6607957878355458,0.7151713737860131,0.8514480230001237,0.3726953817594721,0.6265417476950396,0.8103986512777007,0.5107407239363579,0.8867780547588795,0.2664966228632422,0.6191191202501511,0.6347463060470895,0.8415257850241545,0.6363477936268939
19,0.6605130752936731,0.8492854951851065,0.8480969307368833,0.36581703700687784,0.7137741055958443,0.773077104450567,0.5611482918019225,0.8867780547588795,0.24752774128957794,0.6231495896087086,0.6124047098357349,0.8420140700483092,0.6362348863446969
20,0.6891210779534194,0.8360821609758482,0.8844480587258977,0.41112782881413,0.7339365046761791,0.740588927659436,0.4439992015600392,0.8867780547588795,0.2453457762490834,0.6117665163823197,0.5898801691237997,0.8417617753623188,0.6360417235132575
21,0.7328495538218245,0.8867983175027893,0.8793067277462477,0.42032491270712824,0.9222193878396151,0.6798164424157099,0.43467068116721985,0.7711290565268426,0.21131796550004073,0.5960575047224207,0.575840508601148,0.8416959541062802,0.6358992708238637
22,0.8472330085080204,0.9771401419480054,0.8632517651897974,0.40708431440139803,0.9426766363314107,0.6708258115855623,0.470032374051496,0.7249931233726545,0.22644723337383668,0.6013203569492406,0.4780337888638739,0.841940458937198,0.6357661174526515
23,0.7935155729839999,0.8657634939814823,0.8297032843798,0.3983645009852014,0.9680502502907082,0.6906284427982979,0.43115867912452,0.7417311279060147,0.29195718014502664,0.6324162455337844,0.5898997307073193,0.8416423913043478,0.6352914393844696
24,0.7371978625552049,0.6197473528483997,0.8267916747338327,0.38460005453837476,0.8746426193229065,0.49848497194990726,0.4701978368259613,0.6985665769633868,0.4405236481634859,0.6914454301950639,0.5866706455702724,0.8412996980676328,0.6356340341003788
25,0.8142147997496604,0.7155047226019607,0.858071574311122,0.37772521754248617,0.6690961374727099,0.67185180680051,0.5487775583993858,0.7946809056003824,0.46309914649851025,0.711817655695254,0.7299945403040927,0.8413019323671498,0.586297225407197
26,0.7349057888467692,0.7997523491588763,0.8767992387151389,0.38582373472134174,0.6885363211407028,0.7316768518362833,0.5422166396304208,0.8489436117181789,0.4133204496284065,0.6976385298001184,0.7336486861275437,0.8411970410628019,0.5214117613068182
27,0.7483016634701254,0.6202688507970885,0.8731878729031933,0.39529867360523163,0.727115213235757,0.5512329700751221,0.5211424949116027,0.8489436117181789,0.39823367805157117,0.6586529954688716,0.6634328738566407,0.8415463768115942,0.43156803033143937
28,0.711911109291851,0.5503212913424849,0.8747043419483187,0.42269012225135494,0.5918952853910399,0.548896244370195,0.555543618878442,0.8489436117181789,0.4642210487382703,0.6285961637154034,0.6422233196122501,0.8418368961352657,0.4864763446969697
29,0.572877164194002,0.5756915861439819,0.8658610700881982,0.7098701874864276,0.6592865969408546,0.6205015402597389,0.5094505887499888,0.9598605054326848,0.46819401288722184,0.5964886748906877,0.8424377010710448,0.8419606884057971,0.5915994696306818
30,0.7861862581718173,0.6956376807379047,0.8624860801218682,0.4744415139488694,0.7258662443804684,0.6891471799931653,0.5453184114128199,0.7625372093669561,0.3943920128063323,0.5905279958925844,0.6588030386016485,0.8418173309178744,0.6222412121590909
31,0.775455019321804,0.7232562072064719,0.8750614156204822,0.5117119848211703,0.7712763666601512,0.8302787857366246,0.5607289519541258,0.7341597040682715,0.3796132661129838,0.5787518301569184,0.6283502752989496,0.8419055555555556,0.6356597443087121
32,0.8435082685947558,0.899191010451735,0.8829537756856497,0.5062305365189669,0.8671322416174975,0.9497286276784891,0.5694075321652967,0.7737828292310464,0.3503019581707484,0.5803753847029953,0.6684041509069143,0.8414490942028986,0.6355968655113636
33,0.8544757008671203,0.7601449432588143,0.8576154363118683,0.6276082381885296,0.7954175763378378,0.9200766749392664,0.4769489730468514,0.7022799068798227,0.33463196155286745,0.5797017378101211,0.5453635405886789,0.8416911835748793,0.620100293532197
34,0.7552647967402104,0.7868192940657647,0.8611569251635229,0.5363056640998115,0.872051919999735,0.8790758334316581,0.4107242141292251,0.7200215345818576,0.31424780675145997,0.5815844916135369,0.5403435129239939,0.841793115942029,0.6350837689393939
35,0.6795787732987462,0.7968881853983679,0.8545193136356082,0.546782167606823,0.8272646256903287,0.6984397585838752,0.3880475884589513,0.7190768150143203,0.2835130193999992,0.5441439837185806,0.5601771133883653,0.8421809782608696,0.6354389488825757
36,0.6846478783816158,0.9215797089959136,0.8648937972998784,0.5908534234713874,0.9569950538182999,0.7851029182419382,0.5458542045104818,0.747009104633944,0.2861800283816648,0.6002283077678199,0.5618685803703765,0.8420937198067633,0.635478390123106
37,0.7082887300143955,0.7626585779950443,0.8391312613924368,0.6401417172646436,0.97080328243592,0.6132929985243377,0.5313265571033513,0.7168658493357183,0.3575360002250838,0.6041292904877941,0.6204747455121605,0.8420623792270532,0.6351762025852273
38,0.6627982830841453,0.7181863874728249,0.8459389568449284,0.6775275200248536,0.887331082759923,0.5631063721825457,0.42582110552622254,0.7512730310282147,0.39233695050089945,0.6076397794704698,0.6586789759128411,0.8420557367149759,0.6354608712310607
39,0.600929492663215,0.5494532591468719,0.8655240137882259,1.0,0.6824306192831514,0.5155374267284601,0.445837099427739,0.8779382906530442,0.4084275139197353,0.6138805608918263,0.7407870788704038,0.8423048913043477,0.6357158143844698
40,0.49656385384769064,0.6230067658027597,0.8963836176314912,0.6441721505973138,0.6582198383960192,0.5525146019273394,0.47705333682789697,0.6897073429173343,0.36849770021763967,0.5865749247429531,0.7185668195100952,0.8427442028985507,0.6357536932102273
41,0.44382308844553553,0.5594468227534404,0.9262225925562753,0.5600167640236524,0.6684865611613754,0.6070156442636796,0.5068280664668967,0.6943033556218087,0.43066685189190573,0.5891033038979094,0.6190930104616794,0.8265924516908213,0.6358150662594697
42,0.47868980712689396,0.4904767171220199,0.9243485156952287,0.7029770045132391,0.7899545799389761,0.521745942808148,0.5708055394793284,0.7969743665592853,0.4783652817563104,0.6249468099170044,0.5490489558742864,0.842213043478261,0.6356432196969697
43,0.5704568701595163,0.761283855829588,0.876901556367522,0.5248172151915756,0.8514356516006348,0.5062449941229158,0.47722913031590664,0.8670514131670523,0.5638235764766292,0.6495648638797135,0.5771465565134254,0.8422498188405797,0.6357439015530303
44,0.6774676387472405,0.7971436979403996,0.8306261150228366,0.4917879836258523,1.0,0.7552287374704271,0.4955276693620193,0.8518329846475263,0.5722914765323724,0.6491814885178344,0.6614788846463092,0.8420373792270531,0.6355221874810606
45,0.8026735069141808,0.8173072258610055,0.8514291074781578,0.6234362779250543,0.9267017614767649,0.753300664211609,0.44480016985910237,0.8995909074488895,0.5397243660871344,0.6277408287642027,0.5429902380288747,0.841823309178744,0.6352974052462121
46,0.7702448381765753,0.8415276837263276,0.8144244898952249,0.5876509225012458,0.83475843882206,0.5552120646871573,0.550696339245411,0.6673920840259252,0.5518841685760693,0.6277324674978368,0.5874408775672595,0.8420628019323672,0.6349815435416667
47,0.7592693194035856,0.6609045794871393,0.8636755294718735,0.636066717597262,0.5958840347325981,0.5435371784708055,0.5270695363854934,0.575021112818419,0.4760696024867074,0.5851104602379978,0.6384712867317578,0.8377854468599034,0.6352462689772728
48,0.6935019407559354,0.5606433215128696,0.8797176736316792,0.6575312336224954,0.5599886035733099,0.5467850249991829,0.4557189926180303,0.7435403222148816,0.4050981488613044,0.5616503286768614,0.7035204958474082,0.7454820652173914,0.6354815340530303
49,0.6745417217168694,0.6068418325409399,0.9342471678757314,0.4566505871483785,0.6026755099404008,0.5865979178416733,0.5723902665762534,0.6992638602330429,0.3506354808324116,0.5534114305742586,0.78664430401398,0.7928954106280193,0.635528106032197
50,0.6754422041872892,0.6185751403006639,0.9290327914955577,0.7088948565304112,0.5989849229250387,0.6395509933348029,0.6923083501686909,0.6800523473430287,0.40183589864428015,0.5735680709903153,0.7746973092676392,0.8231251207729469,0.6355417235227273
51,0.7987209140862632,0.7132524294870165,0.8907346204108275,0.550244026225413,0.7901003481873387,0.8452970180376913,0.6291985148509758,0.7972883372122538,0.42683749591889003,0.6078863238381739,0.6690433293705347,0.8409193840579711,0.6355082102367424
52,0.6919895080411518,0.8307901982137046,0.9257039010402646,0.5232663185396599,0.9160772439199732,0.9234512496876754,0.5302602090272177,0.8301336378489076,0.38367503286868754,0.6376200039456138,0.5478570758986532,0.8413711352657005,0.6353413921022727
53,0.6603876328890057,0.8001982525603214,0.9207181544429358,0.43679915536120567,0.7834347637394857,0.6451153300992128,0.41438807999972616,0.713749397864111,0.39541397547875745,0.6371637499782495,0.5166534799606858,0.8420643719806763,0.6353687784090909
54,0.6734959833066327,0.6848240193700937,0.9457154989402465,0.5813124074391222,0.6936514614923356,0.6904893136391687,0.4336321641818443,0.7979924398382564,0.3830416915050195,0.5976575573306048,0.5528551414551423,0.8421300120772947,0.6353377556628789
55,0.6124276434931265,0.5670270043852966,0.9495895436786189,0.6463228647727557,0.6433481641482994,0.5862447371992612,0.43429875421008024,0.7325545462456463,0.3283293210967444,0.5235245359101701,0.6804705866530069,0.8422339975845411,0.6355453503787879
56,0.6566398775184636,0.7191712186283531,0.9424128105766235,0.538526035470239,0.8006586074494201,0.6394208984765418,0.36323317823107787,0.7611682509857187,0.33505926914575407,0.5185795247953354,0.789739491790769,0.8420611111111111,0.6355582954829545
57,0.5672622793952432,0.8202173332062608,0.9457269430718445,0.4404127392676087,0.8983796534028603,0.5868648591161806,0.44560204342403587,0.7335645883114227,0.33017395346274475,0.5469453469213704,0.7776985999721472,0.8417614130434782,0.6355546401609848
58,0.4916044181450841,0.818602450359916,0.9221004597905251,0.45864283402375156,0.8915020424119345,0.45852535318960347,0.4505603173681675,0.7136619447102552,0.366544042869092,0.5597552589540689,0.9076172812169644,0.8411500603864734,0.6353701988920455
59,0.5384530505899678,0.7993167970791387,0.8830626716292014,0.6076716710765853,0.9624083564961289,0.5122000582689419,0.4441164765165526,0.6523567314198846,0.376845438330253,0.5477069001011714,0.805409415411674,0.841676268115942,0.6351820927746212
60,0.4397521104791627,0.6712696898603031,0.8782160675994135,0.5446729392244546,0.8810001027003569,0.4076551156708649,0.5166547779759896,0.732501430782189,0.3689402478618501,0.5371489934730147,0.5555319237556593,0.8411687198067632,0.6353409185227273
61,0.4237942322866756,0.6333089047845316,0.8684784316925696,0.6536272669108346,0.6102388942815778,0.5426946822137517,0.4920593688735278,0.7618689097567041,0.37297094835908606,0.5060731041336972,0.47214700718448205,0.8002458937198068,0.6354870454545455
62,0.6133873131238844,0.6448147369037082,0.8638199350636634,0.6392053025479083,0.47597639879542414,0.5434813333812603,0.5811782204399945,0.7095263544160967,0.33862719962298454,0.4978960116081495,0.5344988794383894,0.640418115942029,0.6354554451041666
63,0.7906474037873821,0.8300220671733107,0.8818935662481622,0.6228983622207216,0.5173381392683096,0.6650987273652336,0.5350568987052493,0.8464640112691306,0.3346726993823676,0.5020961920759149,0.5168600120385678,0.6404297101449276,0.6356007102178031
64,0.8530525878851759,0.9974393781573857,0.8789732277389911,0.43099208592646765,0.7058993072695288,1.0,0.5210041374624873,0.8196736691518066,0.3824291586729666,0.52976181463886,0.6918004337466853,0.6408494565217392,0.6353945360227272
65,0.8912523632176055,0.9162532772688207,0.8485397655615144,0.6119821526288767,0.7145195114113349,0.8590174234352742,0.5714387771354125,0.748604417336752,0.3998526404268152,0.5220299030522464,0.6341815781126381,0.6407035628019323,0.6353367519223485
66,0.8993608766184218,0.9540518974348741,0.8355386262817937,0.48681365474570765,0.6399027328233654,0.9686930893919093,0.5341585281822843,0.7143150024311399,0.37057474336632806,0.5365614450256907,0.6237862664027242,0.6410946447765701,0.6352242802935606
67,0.8275810212950623,0.9592081070809443,0.8450005525024096,0.39251666526376844,0.6583556679001753,0.9645299021452647,0.43541243930315454,0.7011522886685381,0.369601138549065,0.5442442059248838,0.6402399936135706,0.6407308574879227,0.6353173957859849
68,0.8805512775922174,0.9579208044644947,0.9055512074638261,0.4542010434707416,0.6850942027305044,0.7940514202902614,0.4398399174313718,0.776781038894412,0.34949716622968746,0.5309327309003253,0.634437235268024,0.6436859903381643,0.6314826609848485
69,0.9131497466865292,0.8148578994326143,0.8848366878172363,0.47567605118819123,0.7652601135004589,0.7549818141780731,0.4039111432229133,0.6063556075827622,0.32577749173373755,0.4968979701783007,0.667657981266399,0.7433545289855071,0.6357658523295454
70,0.8608775925836747,0.7336978097302332,0.9111229063016326,0.5399587864084291,0.7279368160901644,0.6886084854860217,0.45011670663222597,0.6654806519396438,0.2920635674263832,0.46717152143636614,0.7233738166915223,0.7800262077294686,0.6356576136174242
71,0.7258389678719294,0.6722036844382097,0.9492122946035668,0.6598416870871576,0.5251367405557082,0.6242293248921009,0.5129240580838387,0.6795249709725041,0.296650529796938,0.4174836791470243,0.5736400177275922,0.7953326690821255,0.635604393967803
72,0.550701057133887,0.7218142554458031,0.8754378435379291,0.5182971264183306,0.51004972685018,0.597722422614992,0.49281608260474324,0.7595964341942427,0.30050391815857974,0.42451821592269856,0.634881064174861,0.8209400966183575,0.6357900284185606
73,0.658190447400332,0.7584160724664427,0.8875758272750941,0.5314963670694101,0.6419468012151771,0.6428980459628411,0.5094554873547035,0.7313962253696773,0.30235851517352264,0.4607586561139953,0.606231417944132,0.8406281400966183,0.8197119223390151
74,0.7252175599383146,0.7631495132423965,0.8994300565099895,0.5075509763477514,0.7136217115180107,0.6422221422462868,0.463393064326131,0.6607570996769858,0.2946687369690234,0.4791275673889822,0.765291222282931,0.8422045289855072,0.9930818561742424
75,0.6683528943084633,0.6229379033919729,0.8971276770262449,0.6942961644897141,0.6356456373882307,0.5777453593359737,0.4831955868428375,0.7249631292206291,0.2689913020337848,0.48794350586090873,0.7690568438646302,0.8426117149758454,0.9929547727083333
76,0.6240252861400217,0.5741651535127801,0.939660450421117,0.5411359883583419,0.6175670616765336,0.5052683551683185,0.48905054241220564,0.8628624356283687,0.2581913810475894,0.5232358462403792,0.6776802430198875,0.8388399154589372,0.9928064582765151
77,0.6790023934575129,0.6085818147712947,0.9295803385139029,0.49582502770066283,0.596592998485998,0.5491304453446761,0.4977614521881992,0.8628624356283687,0.27933665918145684,0.5414306397928033,0.6506888738915795,0.8422945048309178,0.9908124430871212
78,0.6708017444700026,0.6547584459593635,0.8585045489232604,0.4272187572503822,0.8228717007510377,0.622003680456798,0.4688722485811627,0.8132991145591697,0.2860663141525564,0.576241529415726,0.5818973218080358,0.8421695652173913,0.9830739299147727
79,0.6776382369502791,0.698150755063336,0.8000122921092704,0.3995867345871537,0.8414041457815,0.5597057502980293,0.4219767932375678,0.8132991145591697,0.2544083313843652,0.5718810160158928,0.587812999092373,0.8418461352657004,0.9934817992613637
80,0.759979713264284,0.5892902249481797,0.8424451512729106,0.5961453323413235,0.5456834377453628,0.555870885546777,0.5188816513697607,0.8132991145591697,0.2812035654686228,0.5551295578223376,0.6374077136180816,0.8418545289855072,0.9944147538636363
81,0.7027905118726095,0.5278305036201311,0.5839803534515062,0.5481438687907104,0.5572388843428338,0.5468071950942007,0.5309562122060686,0.8132991145591697,0.3240090596243561,0.548026775034705,0.8081089189600477,0.8418976449275363,0.9949067329261364
82,0.7617192202946056,0.5045159528161745,0.6827271816693007,0.5098145692518857,0.4753734483135608,0.5298842513000084,0.48211757226306307,0.8132991145591697,0.3303152170154,0.5435370009764603,0.7166156548229735,0.8419304951690821,0.9948590056155303
83,0.7205342369488855,0.42507477005816025,0.7049269927104606,0.5724422015312957,0.3287239646313223,0.508076366318526,0.5712539824605601,0.8132991145591697,0.316699989625042,0.5333083474589773,0.6350288468912711,0.8415969202898551,0.9946212119791666
84,0.7607940267854,0.5176184534568347,0.8176497665454046,0.4473720356646122,0.5707025698279603,0.5482104257350932,0.40293314507923755,0.6876931617172083,0.2751676259106663,0.5177074673114033,0.813050842205575,0.8409792270531401,0.9944967424242424
85,0.7619551408841382,0.6419767395971225,0.8828449707978806,0.3834665702344741,0.6633747337244782,0.5492604018619645,0.4817897141596664,0.7594422073064784,0.2634574049357837,0.5410688455373549,0.7881834212917784,0.8402278381642513,0.9950643939583333
86,0.6544267150129793,0.6684638373999202,0.5466404743458085,0.37490130767575436,0.7744965197830704,0.5344749544236389,0.451363624703988,0.8794887191956577,0.25326444830134975,0.5497677262801608,0.6608584018391935,0.8388474033816425,0.9950830208428031
87,0.640122154389877,0.7048450980725285,0.13668116432459423,0.4790813788404261,0.84769537086424,0.6484564921924427,0.45812939777591094,0.8794887191956577,0.2707019977948818,0.5432478593463252,0.8326372040222559,0.8392598429951691,0.9921860132859849
88,0.5831547527332321,0.6527569028963888,0.2228676461801817,0.60384895456403,0.700621834095856,0.5958840615576144,0.5130960694111032,0.797079038415144,0.24845445364122926,0.5172456768298237,0.5567404708910463,0.8390608695652174,0.9956649053219696
89,0.6199680013746504,0.6445206791455488,0.2462648729740614,0.6660853544018066,0.746207540856521,0.5554892186699212,0.5059410332158685,0.6381644349090558,0.2494816917160356,0.5080011669616085,0.6025030037498741,0.843919806763285,0.9951051893939393
90,0.6664034043511542,0.5522679730264891,0.2523611027879102,0.5320380679462192,0.5848818448959578,0.49728924018360826,0.47933326830206074,0.7557194289466242,0.23452182287426193,0.44022711459251146,0.7200466707471799,0.8947879830917874,0.909749327594697
91,0.7052471641817232,0.5590391933504439,0.236289105124289,0.4639559877744535,0.667250843965029,0.5284915271291373,0.4363894235485536,0.7987014627982976,0.24089714665208306,0.4258524028584684,0.8100351856872516,0.8929669082125603,0.9945504166287878
92,0.7253988889567646,0.7268204833014442,0.23365402752619868,0.5127801550657964,0.7886062236416221,0.6273126923045491,0.41050357389854025,0.7550158209849399,0.2518087303220164,0.5004179503282024,0.8025283663226481,0.8914519323671497,0.9943387973579546
93,0.7473154826940387,0.7164247068264212,0.2182680588801477,0.4649554437245463,0.8724130277059059,0.6363417738136004,0.5223028172540157,0.6180008531784358,0.2669075180931647,0.5248184983753157,0.8025283663226481,0.8864025966183574,0.995022992405303
94,0.7227358838582554,0.6594981938054703,0.1696517193484934,0.49507335518505435,0.8457208736818741,0.5872205830493901,0.5606415778045398,0.7684429077042082,0.24885714268966977,0.5184101526563857,0.7991351064092984,0.9303490338164252,0.9963253882954546
95,0.6372841292859925,0.618156607624192,0.18559589696778758,0.5474169515223172,0.7270655195147243,0.551207075077366,0.4349064002312751,0.818351319582974,0.24606586867413308,0.4883643939313478,0.5827610069421001,0.9168246980676328,0.9367447252651515
96,0.6735305306569385,0.5452524436460987,0.19295858524306975,0.4873536120526523,0.7433253050366243,0.45552291584707255,0.4690478918660408,0.7176914594799612,0.2435834987758136,0.4911294873165239,0.7487047231873527,0.9404150966183575,0.9164254640340909
97,0.6087233123738442,0.5204415876895706,0.195288330074924,0.48126481581105024,0.8921613124443016,0.43962995096042756,0.46862122745506496,0.7481497129603701,0.23161742078543707,0.49912093713073424,0.7776381877004408,0.9920001207729469,0.9709003220075757
98,0.6322026225325557,0.5130672465023388,0.1700693028242315,0.5127885072900065,0.8001318540064736,0.4337293749651573,0.49349492077794,0.8421576811606043,0.24067938976489872,0.4877759415633354,0.8025283663226481,0.9968803743961353,0.9943554449905303
99,0.6240328552136277,0.46226339002621136,0.17210362988631736,0.6563655915329557,0.3946874099301307,0.4208660596122373,0.38648106998017323,0.9440915086209086,0.23024435077674435,0.46984249407988443,0.9521094573161806,0.9961947463768116,0.9933173485227272
100,0.5414376855419464,0.4969596664719149,0.17567956882800942,0.6440652270431073,0.39529036041199406,0.41336522715736723,0.4359645669612992,0.9440915086209086,0.29317726348466117,0.5362626992382434,0.8479242612643197,0.997078502415459,0.9924588825189393
101,0.6408677022394553,0.4452318433207843,0.17591311697767736,0.5615165042156927,0.49840483155485027,0.4046400134921199,0.4932447569234597,0.9407601658357299,0.3310174316879353,0.5662325286254735,0.9028803802596747,0.9974934782608695,0.9407288162689394
102,0.6128965026179125,0.3277821617943791,0.23711253310403724,0.7168835094956928,0.4835364702218659,0.40204697172917714,0.5810774438667463,0.9440915086209086,0.3738261497006795,0.5933622392104073,0.8350491177500822,0.997520652173913,0.9880302841287879
103,0.6217828703929386,0.3837644017357289,0.8473190866365817,0.5672544817259626,0.7532541104989582,0.42096628200008995,0.5090974636585638,0.7156623807280392,0.4477635517760228,0.6964931492980944,0.8246799954655126,0.9957456521739131,0.9896754356818181
104,0.6786666524433946,0.40553647176335744,0.8326082747971224,0.610361135291468,0.5282906353839171,0.42762126847259235,0.4546112034088405,0.7149809733494829,0.4462163934887467,0.7440798279477363,0.7865186551886741,0.8710666062801932,0.988776590909091
105,0.6491534079118894,0.4822886308501184,0.8431048456035298,0.5745622352970906,0.7701864177121673,0.44650841584151313,0.6026843838215203,0.6227614242765405,0.46580161790729474,0.770910227794793,0.6956905277627143,0.7992813405797102,0.8888237689583334
106,0.6548481133094983,0.5310891058988104,0.8019049193661189,0.5523545239871888,0.7320017624706394,0.44258833458655633,0.471613412996527,0.9907067496723649,0.44966386894493704,0.7917474074989712,0.8551324459235465,0.799694384057971,0.7849529166950758
107,0.5570019414204561,0.5224400893970189,0.8103431614081013,0.5034531573411405,0.6038184655241529,0.4395152063755567,0.5901277924387891,0.9314983858378887,0.43550527510930337,0.7866477129563698,0.8951292463207092,0.7987449879227054,0.7822896212878788
108,0.62795742676235,0.48864411417949616,0.8047230850091268,0.48674170880536766,0.4710302170953026,0.40660180349366226,0.564106974484509,0.9951265662591517,0.45592166848081894,0.7853871955566875,0.8850381104429478,0.7949902173913044,0.7827738731344697
109,0.544646904050944,0.45808073058315846,0.8606718574627596,0.44101604627963364,0.39919959979989994,0.422758957011053,0.5248008607857321,0.9233281669121347,0.47870261443080453,0.7901539083157766,0.876291187497979,0.7978724033816426,0.7770640908901516
110,0.45657827490258873,0.42874318355764796,0.8822150896356227,0.41810463580942786,0.4400445255740453,0.42620611727503743,0.6046586913042948,0.9264080462884065,0.5250288535202468,0.795598787571181,0.9723450698482933,0.7960619565217392,0.7822926893560607
111,0.5853522859362345,0.36042090894180484,0.8747902400607241,0.40294061844671547,0.4592031114895196,0.41220183324159354,0.47146277034768375,0.8565805266047597,0.5381607954368942,0.8204438386167122,0.9917917504350088,0.7939029589371981,0.7811997349053029
112,0.6451367631543162,0.3795367555801509,0.8242735147175004,0.4615122787011367,0.5197234378778793,0.4262265506250434,0.6310113485290538,0.8903222447951943,0.5267802871108438,0.8596017958192314,0.9832129492724507,0.7942102053140098,0.7794268182007577
113,0.7415621078440922,0.5034372550500902,0.734433562253953,0.5271260508760267,0.517553478726118,0.4601316123433461,0.7922904492543281,0.8366996733063063,0.4418049847863256,0.8675960703855923,0.9861719310383534,0.7953363526570048,0.777624308626894
114,0.5485562507697307,0.49210816990213513,0.7236986275757552,0.5140617822621305,0.5078797676984187,0.4104519556734712,0.7866549420191837,0.8324800243297016,0.38183802052834903,0.8391949953527178,0.9861719310383534,0.7956126207729469,0.7769717991856061
115,0.5931974615780654,0.4820058050989587,0.7208588373131095,0.5344395445787475,0.5216681188276258,0.40723890790271505,0.6846859864056115,0.8982977813603924,0.34560831544092685,0.8016004819705111,0.9861719310383534,0.5465471618357488,0.7959043465340909
116,0.7204280742149438,0.549385589598574,0.7446980524891034,0.5561341520629735,0.7732077959509557,0.4315053847910225,0.44374267849258625,0.9066774567507626,0.32801221079804527,0.7846086938639831,0.9861719310383534,0.5423106280193236,0.9159682386458333
117,0.5198251736750183,0.5530284732975193,0.7572719059607855,0.4491160862440244,0.8298950799903263,0.46491570073611155,0.3951432591073282,0.8707472713265888,0.3444840685778863,0.7713242234699844,0.9861719310383534,0.5989744565217391,0.9543078124810607
118,0.4212260478319315,0.48684641275335505,0.7222977659626524,0.5997008580592716,0.5870551169624547,0.40781034526907584,0.4746228454391244,1.0,0.314155780287697,0.7482491621220172,0.9861719310383534,0.6485628019323672,0.975393077689394
119,0.47997768410180497,0.40710979138386044,0.7616186500145008,0.5387031840996923,0.5691720032201532,0.3663573056874181,0.44445025381994846,1.0,0.2630945744831132,0.7073673151770318,0.9861719310383534,0.7520067632850241,0.9781401135890152
120,0.4591405177272759,0.48924724567221345,0.7623260658531352,0.4533300926125775,0.6999294349161336,0.40978648725917016,0.6733298300423141,0.8508530423506272,0.26065821781667503,0.7154757097302769,1.0,0.7638112922705314,0.8907116098295454
121,0.5143867767278192,0.5144445550999774,0.7573572119848441,0.44626529993027786,0.6706134524215751,0.4114201071373366,0.5484446954216772,0.8452558831643864,0.24991310239966333,0.6946199996519906,1.0,0.781624577294686,0.7865717708238636
122,0.6027570971578264,0.47362872156516295,0.38851617072952427,0.46370611210832663,0.7523066168846012,0.3843568525571641,0.5022020107362272,0.8882983883052724,0.2615573808447795,0.6994060337157897,1.0,0.7793671497584541,0.7842057575946969
123,0.6978011520856084,0.5106953212642862,0.49284257162700273,0.4888456503686494,0.6745028143210677,0.4274222345455945,0.5588744561192951,0.8402734001255155,0.2949131639460244,0.6893901405302897,1.0,0.7830907004830917,0.7869963019791667
124,0.6699199424777381,0.523475944035796,0.47255628311303366,0.4675945346636822,0.5524086546584551,0.4412230563166671,0.49902455684965696,0.8090790934232205,0.2964650114798617,0.6641272521466421,1.0,0.782115881642512,0.7869584649431819
125,0.6168426186869335,0.5163300406482277,0.259953730845267,0.44389998260363017,0.6368084704603958,0.424417439542641,0.5180477149950276,0.7977402530360502,0.2967378670141398,0.6592074378209908,1.0,0.7119778985507246,0.7868142413825758
126,0.5594449319984711,0.4621046306833872,0.14312761755613265,0.4088775155915643,0.5971396294173577,0.381356180110748,0.5849619403594765,0.778419826975829,0.31677150063509985,0.6723536083496963,0.9398135861600528,0.6600461352657004,0.7868169762784091
127,0.5646702424400015,0.4365510342469067,0.14115307847359726,0.45285494542337035,0.6116800121915262,0.38237351357629934,0.7294248622875663,0.8984415520429735,0.36097116640905114,0.7134123977693949,0.9763375197595087,0.6352178140096618,0.7870044261742425
128,0.5228495899560164,0.3212038710964939,0.12840977605973145,0.4930834027964721,0.4375267103750551,0.35071666506579285,0.6814279948732912,0.9131655567418394,0.4996371695473294,0.7930900686911929,0.9365209604135344,0.6342002415458937,0.7862616495928031
129,0.47471972686731806,0.2634600304243221,0.12482294428781757,0.5109582485201271,0.38759114656666077,0.3075027326454073,0.769709444676345,0.9094496809890327,0.625146319146604,0.8898589589952199,0.9508115746027039,0.6330516304347826,0.7842591837689393
130,0.4646451481427555,0.28175285370105924,0.13196185778429348,0.38812816228745983,0.44032281041182847,0.26529769953115967,0.8666665516578885,0.9402059568712547,0.7394390840494691,0.9439988366540744,0.9260718618309853,0.6311190217391304,0.7744131571780303
131,0.4105252441712535,0.29998626349933233,0.14349797212811566,0.3971093371134311,0.4903743262359656,0.27969145836679515,0.8002222583677009,0.9373732123353339,0.8115224752656897,0.958163838788457,0.9303003644078933,0.6290291666666666,0.7862273285984848
132,0.43270952596011436,0.311382100028995,0.14205005725109018,0.41340654335704063,0.5629768526647431,0.25603898757388766,0.7343429016291885,0.9480634164544489,0.8594310419916167,0.9728691595142059,0.9152180341367099,0.6264419082125604,0.786205015123106
133,0.46670326883304186,0.2851917266382039,0.1500612187744353,0.44505008914901956,0.5725578020798477,0.24678840279548558,0.7175532591218906,0.9584376930381733,0.9016465703143729,0.9924797188445093,0.9437438353666756,0.6243849637681159,0.7808727888068182
134,0.4056427476045145,0.3213619648471479,0.13759892474083263,0.4214737242976203,0.5959105380504822,0.24765621116669073,1.0,0.935762927211828,0.9409559380808437,1.0,0.8993175827654657,0.621721618357488,0.7793729308996212
135,0.4451986352312346,0.2848567312885822,0.11779917015148887,0.4376366085912391,0.4412504265377722,0.22757323317993045,1.0,0.9463161446497621,0.9428797014825637,0.978194156288339,0.8756357198138015,0.6154667270531401,0.7724084089488636
136,0.4669419694513168,0.2499788259812605,0.15246843777948466,0.5931960308070731,0.42237012546008107,0.2297871048129165,1.0,1.0,0.8339482107886669,0.937105198515672,0.8652836919875215,0.577978502415459,0.6474828957859848
137,0.43851982747603563,0.3386743884431824,0.14608450691008007,0.49522931608713205,0.5480223555486352,0.21967313271055175,1.0,1.0,0.777253754474567,0.9030001579601403,0.8347118626758844,0.6141353864734299,0.6709040008806818
138,0.4263299912212178,0.3188408096150396,0.1287654804335273,0.48041353354836824,0.5777756427882815,0.22023104126888862,1.0,1.0,0.8544323051574092,0.9089323634565657,0.8280642997383337,0.6116251811594203,0.7313993939109849
139,0.408883067930924,0.24511792068738036,0.15831341503886423,0.45957419549347467,0.3146639544938032,0.22676475502705065,1.0,1.0,0.9138509206456388,0.9114458279201667,0.8596852604730549,0.5658063405797101,0.7003768115625001
140,0.416847368253928,0.23363932202870483,0.2076969707301484,0.4415593824219378,0.28025270913602496,0.2355259598549706,1.0,1.0,0.9537068787143961,0.9124350561233058,0.9009964468978984,0.5661642512077295,0.8065549081723485
141,0.3952057738415261,0.24870975997810538,0.24248766688853635,0.41014881916318585,0.547316704709971,0.21414283079632748,0.8795530391468407,0.949722305985611,1.0,0.9303885028519829,0.8456702768187995,0.6066509057971015,0.9169956571875
142,0.29281085550703395,0.2235640830281654,0.5199863316510518,0.4712773900449302,0.5227183127987834,0.20433033717675408,0.8795530391468407,0.7362243083461519,0.9945815755985675,0.9508592557071858,0.832978833240887,0.6083740338164251,0.9487160104640151
143,0.12236283696015676,0.22591416899617395,0.5793036476225992,0.5243586602318029,0.601916852465968,0.21050168484358034,0.8795530391468407,0.7221400234055627,0.9230327584903204,0.9178534956985805,0.8169150484221108,0.6070820048309179,0.7945421846117423
144,0.2348000985828426,0.18322930114218908,0.5882734134237364,0.5829045941533231,0.4462661794473396,0.2055342894100044,0.8795530391468407,0.7771457706578146,0.9428424805879846,0.8969543974272609,0.7788779237423137,0.6052470410628019,0.8446703692234848
145,0.2595080179145008,0.1772179796354702,0.6996204287466258,0.5143850345301746,0.4006639081129969,0.19753833091949463,0.8795530391468407,0.8656511835106856,0.8744548018177862,0.8660798564212379,0.8375311220042083,0.5986207729468599,0.8977201155113637
146,0.3661961952713206,0.1766937138306462,0.7302888791096884,0.5284120861906938,0.3959595691885678,0.19515035820153182,0.8795530391468407,0.7958607555654833,0.7772206366707287,0.8477546723095423,0.7948394124584854,0.45115271739130436,0.9385777282670454
147,0.16104501724369447,0.1812158578922491,0.7930691178428283,0.5545795461821272,0.37125516400584396,0.1913263384567843,0.8795530391468407,0.898074311195608,0.7046826816159847,0.8393330692378389,0.7271998177559071,0.4042984299516908,0.8503982075000001
148,0.18283422840059216,0.21024701250122427,0.7462113574586536,0.43376915976426367,0.3649043064578647,0.1972123760542436,0.8401355683396842,0.6433249626419002,0.72541882298739,0.806366516789084,0.7498758407685789,0.43009613526570045,0.9472070835984848
149,0.13255285051977928,0.23598751392508174,0.7239283632724719,0.4978816512153203,0.5290459799436142,0.1803822851453953,0.6856353529302849,0.7742420081050826,0.7812586641157164,0.8455252649222051,0.7167424304977713,0.48295132850241546,0.9345617064488637
150,0.18816759918310988,0.20746963183112285,0.6430122062326802,0.43540273518906714,0.5172155614230957,0.1716861057486888,0.6928906599742014,0.7742420081050826,0.8218561092969588,0.8876390427751089,0.7971552402598788,0.3925842995169082,0.8634459955492425
151,0.25639180013354534,0.22950288860185908,0.5107702095379708,0.4808964361133674,0.4797829378265292,0.17309544304252014,0.6914184967461615,0.7742420081050826,0.8358784219044085,0.8838568126355457,0.8727717874887722,0.46525664251207727,0.7883273740814394
152,0.1975867580335729,0.20940955063120598,0.49711514118848715,0.42557776780428214,0.49804703676341483,0.175147181113913,0.654772094740716,0.7245263259101603,0.7658758838497072,0.8871857265499811,0.7764484580647435,0.5069178743961352,0.8041887764393939
153,0.21953761659447993,0.17474024689080997,0.5166199045404404,0.4036679608423813,0.345040069703726,0.165343616334278,0.7113514670515204,0.7721942849375993,0.7287306033712166,0.8528980940154349,0.7393416646954505,0.5237916666666667,0.8247660399621212
154,0.30585496615902263,0.17508484465964483,0.5668293701964564,0.41911162530708557,0.4295359600329966,0.16757730063552437,0.7019096981141115,0.7742420081050826,0.7589328681600744,0.8508638205066611,0.7250192648742511,0.5897934782608696,0.9062839792992424
155,0.36939539356655327,0.1821178022871871,0.6289855706889945,0.36235312582475165,0.49740764421946077,0.15786095132155784,0.5984387741154663,1.0,0.8048379542927414,0.8512120559517868,0.7550711640301355,0.5833411835748792,0.9334487889204546
156,0.3966922502085099,0.18720834993003896,0.379242854748419,0.3253718988654934,0.47152715430562964,0.15309855997401403,0.6472774811589643,0.7365655105440894,0.8246725880127618,0.8630355645334967,0.7088363485897113,0.6254673913043478,0.9808840795075757
157,0.40277108005052303,0.17619073272847696,0.434542877475521,0.3384203341634662,0.4971889918469169,0.1805490999794646,0.7797747478603398,0.627017820752741,0.8196586111272304,0.8547822036998831,0.6984657992358231,0.6248212560386474,0.9785367546401514
158,0.3546604915748875,0.16135356577405718,0.28703471023987065,0.32326124347518925,0.5593227077114716,0.17941732601658714,0.8479234316916687,0.6534988705624,0.8215946838011736,0.8490293134699775,0.7508319018415416,0.6228019323671498,0.9805027375852272
159,0.3679453846354229,0.18812533681932467,0.24369574504767058,0.35963863416637026,0.4563937597938042,0.19468508801268478,0.6238098905375906,0.6432332994505702,0.8164725611668251,0.855841711736529,0.7658941892419493,0.6222071256038647,0.9687543929356061
160,0.3535211096919403,0.19700583840319305,0.2681066987316912,0.4254248806585082,0.2675874361021571,0.17849494813460104,0.5045199726459553,0.650719034995106,0.8537013688496867,0.822445345000539,0.7766767893265167,0.6209516908212561,0.9718970245738636
161,0.2843051690318589,0.18394540619286626,0.28455507434495764,0.40613525443182347,0.18598040742225416,0.17836918485203396,0.4906881272370716,0.6487243390568068,0.869725403582936,0.7817266557397722,0.8069477053805639,0.6200289855072464,0.9228552017234848
162,0.1433935369153383,0.18153628453673218,0.6067468401486606,0.36409441686101934,0.3308177267441668,0.19554840178771885,0.7786995953991105,0.5164159475981247,0.9036154677142443,0.7908591924327377,0.6636329139384901,0.645862922705314,0.9636383410511363
163,0.0677392424414934,0.1713385522293515,0.6456700158693344,0.38460782191898846,0.3435326934990674,0.2161133770926892,0.7000155009599461,0.5740426393418528,0.8920517856943982,0.7999704869895307,0.7125852896599182,0.713743961352657,0.9610487822443181
164,0.10157857500464021,0.1867364939434597,0.7519572398383415,0.36964744025896196,0.35846731312676205,0.22819807010614152,0.677563366752132,0.6918457575471768,0.8820044887812707,0.7804097562871639,0.6843308199765187,0.7293816425120773,0.9687989015435606
165,0.22234611941719393,0.19357738137134395,0.7615956765652334,0.3508654666250042,0.36427485265811715,0.2113418260327833,0.6716424414554379,0.7159047110455968,0.8889445736918027,0.7887865022947158,0.8913369351962591,0.7538913647342995,0.970995564308712
166,0.31223991329974327,0.1915839585328447,0.7952054622989719,0.3566881788643648,0.3750782676106265,0.2154227953688825,0.6470741574279155,0.8584600842418022,0.8814186260390344,0.7946445862947094,0.8529176952866879,0.775393538647343,0.9624873987405302
167,0.3628307914938235,0.1826047127888422,0.866952886568222,0.35898888624062814,0.34911164191367206,0.20200527067943685,0.653677579958625,0.729338243238034,0.8920365456430743,0.7804735956857674,0.6594478117144906,0.7931382850241545,0.962334353532197
168,0.31102705762300226,0.17755720068842515,0.8983329368207678,0.4492593319521276,0.32596761957137504,0.18385387445792986,0.6126795643823507,0.7457698509363301,0.9008529153338949,0.7680681881610345,0.7629524830858474,0.7943460144927537,0.9444252491193182
169,0.3640967211617769,0.18190276281338685,0.7709903444694689,0.418890403584508,0.3700393242979106,0.21421583262554364,0.6266839429839259,0.7178008745169375,0.8805276691924121,0.7746886162714312,0.5996806620546619,0.7923085748792271,0.932103776373106
170,0.35537994975105075,0.1875384867629022,0.8608700436100128,0.34331943613330557,0.35893443410446946,0.19975797727832553,0.6150672929754084,0.6336072541001351,0.8851266477572798,0.7753900587254673,0.7391890408162897,0.7915090579710146,0.9212231344507575
171,0.14354704934945234,0.20278393418744203,0.8635780371739601,0.3875585695123048,0.3551974662828103,0.18329760756508967,0.7566393693107722,0.6616714355516194,0.8741203999223928,0.7752714191351423,0.7325486744976787,0.7911980676328502,0.9049058459375
172,0.38617001225592557,0.1971814280732462,0.7933900718682615,0.42624093816458125,0.34734585835964343,0.17748687722751572,0.8452992348466097,0.6274961881707711,0.8753692048972146,0.7883230169618458,0.6804973001553892,0.7932729468599033,0.9270329641098485
173,0.38028122803349856,0.175627275231652,0.8091650729601935,0.35096171189030934,0.33019489877389024,0.1732350287947337,0.7876955308156213,0.720975668358508,0.8685665735265068,0.781475591768627,0.7551510358018545,0.7897946859903381,0.9265524043939394
174,0.38427160272767746,0.1751586326750968,0.8856089173126134,0.3075713465467694,0.3284721831114233,0.18122578108927903,0.7473455352983025,0.720975668358508,0.7936192249730515,0.7430289071576281,0.8595355136093833,0.7864613526570049,0.9051204281155303
175,0.3652065831518946,0.18123967852333267,0.9167743347869516,0.29884014577426804,0.3298735460445455,0.19649223385881207,0.8505029537673632,0.720975668358508,0.7264105986350774,0.720597889299997,0.8562773212882071,0.7833562801932367,0.930990902376894
176,0.2062285293602154,0.19598223288640673,0.8770996674125674,0.34105446241370146,0.3150051847115611,0.19429546135031506,0.5668156835629858,0.7863052001906903,0.7366680324097274,0.7318180308223396,0.7644423230047249,0.7824221014492753,0.9317381970833334
177,0.33484228820237655,0.1974279388150861,0.8188754946263757,0.3161061776654052,0.3105029335859983,0.1825241359316458,0.6005144043517201,0.7863052001906903,0.7656291122494256,0.7552177126874535,0.6055103173773837,0.782540458937198,0.9566715664015152
178,0.2906504927550369,0.19921495005741907,0.8600836581762685,0.3981107858639259,0.34565295892979603,0.21137891949472454,0.8127763937826639,0.7863052001906903,0.7600137394924242,0.7314661796944613,0.6039014167256074,0.7611026570048308,0.9471518826325758
179,0.361066078476199,0.20474837438253904,0.8302071890386966,0.45416923304200846,0.33267958482552534,0.22494405231081202,0.8860314528893829,0.757155700873128,0.7465966327692756,0.7444172163446037,0.6628508065427011,0.7475084541062801,0.9583826127651515
180,0.3203251281546467,0.19603580827007056,0.8172312908734999,0.5640760783475867,0.33034397993698833,0.1987594621128714,0.7387108854711715,0.5818062413593206,0.7802405114561224,0.7498843546469547,0.7939133461723926,0.7490591787439613,0.9574301645928031
181,0.2854765462526748,0.18430035291821908,0.8883471793238362,0.4919783647005106,0.2210807390450192,0.18260813298076103,0.68370623843206,0.6006010542685115,0.7342973251951458,0.6884966149300129,0.912274830466561,0.7204843805555555,0.9636633399810606
182,0.22763453319559296,0.18670716648324426,0.921396411811813,0.5416495974304266,0.22971088193103176,0.18439578240789425,0.5150732548036565,0.5588081200430479,0.6179632726486213,0.6630835627220397,0.8819304073739468,0.5805187198067633,0.9148924450378787
183,0.13617368088795231,0.1897034909151298,0.8645715776743162,0.5573387458843111,0.2553395903249638,0.19487916566542549,0.5491421530260066,0.762841033360077,0.6866580970685761,0.7390836323239326,0.8952191538367319,0.6227638888888889,0.9704360882859849
184,0.1164648590303874,0.1919615209225865,0.8386773231804926,0.5273355355366239,0.2949421730732916,0.19983968238259633,0.5084919790462002,0.718555724488276,0.682502838459559,0.8063216597249325,0.8247679148064946,0.624893115942029,0.9730395852651514
185,0.179231107158304,0.18824793500145393,0.7994402407004626,0.4754242291751028,0.2938654757842497,0.20563593755663495,0.5723879222927379,0.6741425171999307,0.612088819019115,0.7856236838067355,0.6251601042266819,0.6256467391304348,0.9763760388446969
186,0.14610753505773172,0.1977478681575933,0.8154666526785719,0.5045162589412658,0.370622397291361,0.20950147191070836,0.616221891539479,0.7590129863132627,0.5554304112879542,0.8082378585938114,0.676150124247203,0.6259420289855072,0.9788508636079546
187,0.16321313901263984,0.1978947068058673,0.8484721055461516,0.42364403216889585,0.4609788337877548,0.21278466736717233,0.6320199895897408,0.7235271561843583,0.5595730675468382,0.7973017741477327,0.7666990277454594,0.6265030193236715,0.9802834773295453
188,0.28825894198113455,0.18204207381456228,0.9047926026226621,0.433308403224581,0.5324119013148959,0.204368703168684,0.6687998883257161,0.6473839172273912,0.5127359936601386,0.7381608422913757,0.6695454814856602,0.6248490338164251,0.9801439402651515
189,0.24243226203855217,0.17351277449922614,0.9268620410474666,0.47938672957054745,0.5378450814811379,0.20274110268616452,0.7110086520901077,0.6190020521345886,0.46208392461801684,0.7217093727762139,0.7658093663553225,0.6227125603864734,0.9790402512026515
190,0.24511893643776736,0.1821649342266502,0.8482134974904927,0.47648919465428413,0.5756123094659912,0.21032474381304264,0.6506972299777467,0.8765369454365031,0.46587547354063313,0.7478725661652996,0.8066509772419136,0.6218840579710144,0.9697285000094698
191,0.25926960249222075,0.16646609532179688,0.7943841180668497,0.545196248714421,0.5149097727671783,0.2134151248223972,0.6131141229816731,0.7990449640674795,0.5223340021371241,0.7994107341033684,0.6572570429308969,0.6233079710144928,0.9646485717897727
192,0.26311252439447824,0.16916833831580175,0.782346511666113,0.5403293405446857,0.4048083644471242,0.1814922231546056,0.5872326875368122,0.7531057451185844,0.5781161069171662,0.870751770498153,0.7417160206421155,0.6259335748792271,0.9624069941666668
193,0.32172021479973284,0.17174611501747947,0.7409731359017842,0.6249194866946917,0.32893930408913064,0.18092181393773119,0.5338161201609936,0.7484912083262016,0.6354280783877901,0.8693006388233484,0.8206516559648054,0.6268713768115942,0.9672542398011363
194,0.3206190761543018,0.17550294317078932,0.7972455543209034,0.47442561591129845,0.3496516470155608,0.17411931802322358,0.5499399461836069,0.7078457418960176,0.749123257432016,0.852798888719906,0.7953096513803614,0.6291141304347826,0.972799645814394
195,0.33060504897895604,0.19256445126288746,0.8617497875596344,0.6078447730372285,0.2612995239341525,0.16782348745942308,0.5905899852153326,0.7118949441619099,0.641313962055789,0.7815672267283924,0.737929268676113,0.6140507246376812,0.9562226326609848
196,0.30522988622160574,0.15188847425326568,0.9089105069384631,0.633861282312823,0.25212606303151575,0.16306150659501495,0.5741645754481377,0.6914296591686514,0.6182352489491691,0.8334882050779102,0.656115268957603,0.5391908212560387,0.7830207197253788
197,0.2912302588421148,0.16361793159567642,0.9014946145434998,0.7133676505793565,0.25492216306828913,0.16766766430689287,0.5349859771918866,0.7058685498624288,0.6996772039898453,0.9405202108756573,0.7964470966610596,0.5470634057971014,0.958575865625
198,0.29827599583058634,0.17335925121306703,0.889427026257819,0.5838861939750359,0.3433836123359693,0.16947518895782002,0.7072065244779813,0.7260256366930301,0.7623167457097789,0.9721300913615237,0.8284639933964515,0.6047729468599033,0.9684790521969697
199,0.25911771019614266,0.1805984096288208,0.9214773518239628,0.5232091985541183,0.528877021292103,0.16355228991691578,0.6058870920165488,0.7720209770542187,0.7539452682864496,0.9443906862724051,0.7733353456925458,0.6569576086956521,0.9664136041666667
200,0.29079673002195944,0.17561322021786177,0.9195532007540788,0.48477289012246344,0.44922129939141764,0.18408459553328227,0.5549681702583511,0.84189595885278,0.7010071915457573,0.9181343890524358,0.708724464276775,0.7037987922705314,0.973858970530303
201,0.15928417221431182,0.17174305140134527,0.9079183896174172,0.5068391178233078,0.5516798134166421,0.21144395526284487,0.5666501918074005,0.8816231649080836,0.6488574943831618,0.8977035216975995,0.6914190290794756,0.764388509299517,0.9723102093371212
202,0.13333425944761818,0.1576655742092294,0.8387544897205965,0.5068798173005602,0.44073692475376763,0.2012759252876473,0.6043601821915698,0.7799723532430146,0.5619461193847005,0.8488353094922747,0.6482467567850566,0.8605863405797102,0.9710544962973485
203,0.13123281509736895,0.1611423373162945,0.8307244575259025,0.4841621234186245,0.32166745624467863,0.20935296494049532,0.6363181452089769,0.8470378644499422,0.48368435274622795,0.7729455182143408,0.75451461823675,0.9098692632850242,0.9715447604545454
204,0.154872891502809,0.16892381077150148,0.8427958222937378,0.5782658391858246,0.33210976349101706,0.20675367941872894,0.5971344104419083,0.7015289115976416,0.4970489985234734,0.7970396371481574,0.8400533332083018,0.9316715579710145,0.9725572226136364
205,0.05315958035682493,0.171474207370925,0.8023476816471345,0.5153732557939777,0.297983428800493,0.20172699715068132,0.612426469759703,0.6599232819565353,0.5774760247615665,0.8235223665005185,0.8157326163113297,0.8703256642512077,0.9733433314015151
206,0.2248815106877368,0.16792650594010217,0.843735058028231,0.526065948393531,0.29669470496837824,0.20434233928259907,0.6540986898021478,0.7451173301975537,0.5889705403946353,0.8179544410414342,0.6821918877541729,0.8535677536231884,0.9505659609943181
207,0.2740502353104387,0.16222389231485385,0.9287749030063417,0.46581906798783246,0.3452355316731213,0.21083393011169563,0.62176543034797,0.8295337608114148,0.5980442324904999,0.8130006166998897,0.679592989234296,0.8528858695652174,0.938432846751894
208,0.2583366654200371,0.1521568943304124,0.9141966951766869,0.460314557640222,0.37462439829186117,0.22238904066264933,0.5236848931600935,0.8541263503173587,0.604251036470029,0.7945278675358467,0.7083681189224661,0.8520767512077295,0.969192856155303
209,0.2460102865952536,0.1532742827856956,0.9226087384381183,0.4659817562876004,0.3368240411596527,0.21416887778778484,0.5059331889291346,0.8073733044264341,0.5162250861795594,0.764203701238846,0.7254083761538519,0.8524121376811594,0.9681821126041666
210,0.21103333558764614,0.15122886584580025,0.9156917444400597,0.5699992657250808,0.28931021802291873,0.19718635930574965,0.4754251010330427,0.9003505262188306,0.46484911469955703,0.7483211368068143,0.7287373661616193,0.8427699879227052,0.9623941211268939
211,0.23729094195800418,0.14538858126964854,0.921659480246283,0.4568157231269013,0.29756268862908275,0.18577851979145393,0.3912860749425736,0.9186967787792113,0.5237173298726694,0.7781866763446442,0.8013352023009898,0.849261231884058,0.9607263332102273
212,0.18398484728671882,0.14747575276530878,0.8648973605158439,0.45194887759101837,0.4338328104449576,0.1733599158325003,0.4579495292787415,0.9186967787792113,0.5112199016313302,0.7861585788739724,0.7389590534724683,0.8278941001932366,0.964222921316288
213,0.204524014895031,0.14827132473506735,0.8726924404957488,0.4844557853670268,0.40740237668503126,0.16389263018485384,0.6049155591285835,0.8065726894544614,0.5134859800320157,0.7731264153420652,0.6881962302934513,0.6305227071256039,0.9634642044981061
214,0.21346263619594444,0.17146287371642557,0.8687162827923728,0.496341673731663,0.31889123369631833,0.18560108217768825,0.6354380427570598,0.7086050031463662,0.5234520943640532,0.7408179171543131,0.7060365365802522,0.6437172222222222,0.9630952339015152
215,0.2894766074953537,0.18050848155975868,0.8582164583596615,0.4414365287303111,0.3219258635940487,0.20379506041377465,0.6820595686619387,0.7334813329509435,0.5257357574393431,0.7369642772803829,0.6872514649795415,0.7014846769323672,0.9628362292140151
216,0.26076303483166685,0.15921360001945714,0.8685557639391478,0.5113470953949093,0.3506687118393634,0.20211719538058012,0.7246176409339009,0.7985886997565561,0.46123692945790545,0.7356608236480116,0.7350034779144503,0.7012626328502415,0.9638033617424243
217,0.24717465670501504,0.14295092073532656,0.7908383986581696,0.5072663673397821,0.3270145006277973,0.20253644050807187,0.7679184152102753,0.8065303941877334,0.4307011420073844,0.702781725525839,0.7960508840435534,0.689585984299517,0.9399165443181818
218,0.1308528053427668,0.1011092628854793,0.7909853708189927,0.5191348173960285,0.2728317801284748,0.22094102873843377,0.8030569610738246,1.0,0.5352071562591769,0.7174513413844043,0.7383840696213935,0.6014253140096618,0.8250272584280304
219,0.047075415242348,0.0910505777910729,0.8519564819532173,0.4123613954897149,0.25803961583440727,0.21217672796794815,0.7436371456435847,1.0,0.7825423453618369,0.7628756157677212,0.824480668736994,0.5656671437198068,0.7645295720170454
220,0.034856901195584045,0.10814246270843332,0.8669726075952291,0.43629587408942355,0.272020116018274,0.2169058033754848,0.6922298179258969,1.0,0.8042295245514295,0.7516190914376792,0.6326667861560923,0.586292940821256,0.8773507521401515
221,0.22470767487794827,0.1349881118133109,0.8722507179062174,0.3643207077500465,0.32325434240298956,0.21749729192672237,0.7610642521999061,1.0,0.7746896158393369,0.7433424546463444,0.6311460027153278,0.698477675120773,0.9554077141477273
222,0.25986498889037973,0.14059110187311807,0.9040850483190356,0.4136351269060379,0.30236641499557726,0.219194852272572,0.6470549175303674,1.0,0.6984155035869805,0.7099638273538603,0.7924127073081828,0.7069070471014492,0.9510231864393939
223,0.2714526696271248,0.15306980185203475,0.6789480135950395,0.4421741101949887,0.17048590520425777,0.2204429424641214,0.6180471738443234,1.0,0.666808223297232,0.6798236089169065,0.7897407340990816,0.7075367572463769,0.9247118987026516
224,0.3082806977431564,0.1271619048878171,0.7261696720189182,0.46870780180394406,0.16999890673813725,0.23398467056461242,0.565712258218383,1.0,0.6145949282281505,0.6871572304502859,0.7111015027798462,0.7071715217391304,0.9239435890814395
225,0.28776665267070833,0.12978308877277514,0.7965814033741085,0.4448432674710443,0.19020768662476933,0.2431209196278762,0.6208721128547668,0.9382864676981101,0.6384494185627342,0.7488690257339442,0.6508972692103636,0.7069375603864735,0.9247312564299243
226,0.22753110679780503,0.12432716330641011,0.8178362697089483,0.4150532825907858,0.27732077959509555,0.2436782882302584,0.6641027280317219,0.809863399411709,0.5903154749239609,0.8174195459741972,0.7332140026285884,0.7055964432367149,0.9460157954261365
227,0.2787890351024598,0.14849468956484296,0.8192020233727955,0.3864490598812347,0.34260176445838814,0.2481172552073928,0.649725044240511,0.757013745028665,0.6582972407887077,0.8279705602071064,0.8301068291681862,0.7051490700483093,0.9538240135132576
228,0.22861984854935027,0.14883980032938218,0.8338856253362505,0.3562435881219719,0.34418533770196363,0.24902558190593088,0.6249741953372786,0.7249212850565929,0.6132136520379758,0.7983487402848299,0.7667723686809291,0.7050612439613526,0.9423792224337121
229,0.2699106775416424,0.12875541512993235,0.8386864546457115,0.43748698936671115,0.31865932966483246,0.30188240083397677,0.6006213296395907,0.693335550388362,0.5382114979153367,0.7807309871017298,0.7281920386228996,0.7019993961352657,0.7519783892897727
230,0.288569331881121,0.15865160348631535,0.8437619473276775,0.5351952854240402,0.2597523927526677,0.3589928484460664,0.597055291787087,0.795675593341023,0.4934916188510056,0.7790548921656517,0.8288727769475872,0.6981564734299517,0.7524418703598484
231,0.3092729420951736,0.1426800572225761,0.9082278052948555,0.4840032589155419,0.28548711441813623,0.3636168698908645,0.6890480859214583,0.7750862885643439,0.49862663691339726,0.8360537579711681,0.5439700901886148,0.695518327294686,0.6676064222727273
232,0.19262346150774703,0.14918904177228554,0.8620756185628984,0.49580436192205674,0.35624434733923255,0.39788312349908966,0.6835840058235965,0.8028396551930245,0.5858510191198166,0.8086177312630236,0.755178722507443,0.6944759963768116,0.6393651638541666
233,0.22685862588113306,0.14566022156630457,0.8452380557841728,0.3852764362049538,0.333812601665071,0.4107216523957233,0.6006984479854917,0.8374557930592319,0.5996576263854525,0.7738139600155204,0.7339647229749479,0.6953071256038648,0.6501568153219697
234,0.3371714527036259,0.15311838996915025,0.8755766391904622,0.4510850147971445,0.3318116011648209,0.4039980958675963,0.5447195751113402,0.8753016698513439,0.6247149084629763,0.8442889274009321,0.7863618425604482,0.6936689855072463,0.6467585606155303
235,0.3763744907878196,0.18252162551582818,0.8770675272798115,0.37955867951196404,0.3040460627664826,0.39756542018939905,0.5918861547689681,0.8665149925679803,0.621632315004827,0.8090243825826234,0.6645577292867197,0.6922450845410628,0.6497546031344698
236,0.2572355352040443,0.21663944830024895,0.9155155254627942,0.4225895682989574,0.34160789003773406,0.43306028679749403,0.5937386061754528,0.8213497580115303,0.5645149472664915,0.8328889056616394,0.6646211281690375,0.5826057185990338,0.6533013561742425
237,0.0990159431613767,0.17348868930082006,0.9386595569781634,0.4739015365468971,0.21489884014855107,0.33498265870804145,0.5867737318716346,0.7626734082997321,0.5291832328955336,0.8454073032723963,0.6819555159686042,0.5046088164251208,0.6475690037405303
238,0.25460761511351193,0.16720765003482888,0.9288574859357239,0.5770151413687007,0.2781655728526515,0.3190032021951312,0.580755799634163,0.8262534294338475,0.5319076851475735,0.8901268584891825,0.7531995579488955,0.5260934178743961,0.6309809291003788
239,0.24443882350768364,0.1966483847995045,0.8350905380652608,0.3938662253973279,0.4292444235362715,0.3983072594300522,0.5907708022618173,0.8420961155238808,0.6554274218932715,0.8636709077872089,0.6508640874836641,0.5821890640096619,0.6316516156912879
240,0.3058274833804423,0.17762135153029024,0.8218005146068289,0.4142688624874286,0.5008729530328078,0.3201764547383738,0.6446421825199924,0.9326017580825111,0.6052017812103062,0.7996237204155233,0.7231031778520626,0.5290980374396136,0.634107821751894
241,0.2763758274157483,0.20010442795553202,0.8609427720461088,0.37369868342809864,0.49726850180056914,0.43364805893583175,0.5865795905435288,0.860700548164226,0.560874626545473,0.7562341715013242,0.773969601580214,0.5255377415458937,0.6339860254450758
242,0.2876256231107504,0.20037723493063744,0.9355883980349268,0.37800536519334793,0.4794251430350937,0.4035087741108957,0.5473124449581406,0.7992510993803947,0.5198281860059987,0.7346850412651095,0.8529711985505917,0.6482034782608695,0.6326265133996212
243,0.22601256540959608,0.18131802328518004,0.9510848641527699,0.39879607536918,0.49939208014603326,0.317241164908369,0.5699309249153219,0.7853025873975266,0.4748284175375477,0.7540779816897306,0.7798218704420936,0.6906533445652174,0.6324396053503788
244,0.23661426992462323,0.15964088971291335,0.9163906970575676,0.48904367120744724,0.44908546988726156,0.29737006378227165,0.5986905315264511,0.8710101575020227,0.4337793392968826,0.7653863684692578,0.6117616902546186,0.689897904589372,0.6334708256155303
245,0.21988628007796032,0.14423147554941673,0.9337041947172886,0.5136047680951252,0.41524404586399166,0.2490541152851265,0.5964313072540489,0.7594679258246209,0.4936457778317041,0.7847012327444365,0.6016760426632132,0.6424596164975845,0.6316311553977273
246,0.1705904805493789,0.23664813941971286,0.9462324048598806,0.6054450509354891,0.4918618249522112,0.24656866191869284,0.55817499806257,0.6736360363156434,0.6595225995307236,0.8208142201186984,0.5508446447915959,0.6199159661835748,0.6562327131439394
247,0.1966033814506182,0.2596849362180641,0.8662285412772259,0.5163886163060011,0.517785382757604,0.24271348767116008,0.5138290742443418,0.7174601317964938,0.7712896190045784,0.7966447367975039,0.576926862577864,0.6199874094202898,0.7776274469223484
248,0.14487698037043176,0.32035674406017456,0.8145168731359402,0.49325361811944546,0.5314610947858035,0.2527434954598027,0.5179941904651812,0.6035497374567302,0.7146874822321517,0.7721665645612924,0.6123800290644303,0.5440031461352657,0.8013682556060605
249,0.0985668974312498,0.26816164673986953,0.853539246983028,0.44980375166007736,0.5202402525766194,0.2241558750419781,0.5790948243452749,0.7123053979216335,0.5946383740975398,0.7406404097291694,0.7355957732438559,0.4738741847826087,0.8434112143181819
250,0.2487113449879365,0.2965695774594466,0.8444859849855824,0.3533219548310196,0.532193248942352,0.282364222962422,0.7286331873701091,0.7781198008793285,0.5287081536033049,0.7509843131343971,0.7703627423989883,0.4745611292270531,0.8868008162878788
251,0.24949361315651666,0.22543509656579172,0.9052997613593788,0.38577102233218435,0.5326206149432332,0.22747553506697218,0.6543245100307946,0.927476415801805,0.4811181625656274,0.7312060765164343,0.8872015511345578,0.5169910258454106,0.8192715626325757
252,0.2333029780831711,0.2262874751577242,0.9647818271926929,0.3822599115838044,0.5212672561446287,0.2242309709238003,0.5551317402743037,0.9430989726004309,0.5323291311822587,0.7304969507365485,0.8125377407759418,0.5927031088888889,0.751060644185606
253,0.14773741640037863,0.2430951892823564,0.8972261337629293,0.4171492994058999,0.5485358573326399,0.2540314378212252,0.5944648745272562,0.9162536266795022,0.5899174751220816,0.8002535271550204,0.7230530113460877,0.61934547705314,0.7592455039109849
254,0.09707401131940376,0.1912379807176357,0.8584549029023605,0.3753991695534625,0.5155756686290165,0.20789584220672278,0.5648497023138258,0.784237597986946,0.7120146116922845,0.8230629488107456,0.6478697084223658,0.621810265700483,0.8047845796401515
255,0.11420383305046808,0.24993652615191,0.8676670065205616,0.362027372378204,0.30302899794267996,0.31282966386066907,0.5012484419809208,0.7714958303955244,0.6839960704113817,0.768576304577884,0.680600752505881,0.6230885265700483,0.8142700587026516
256,0.24874184325756812,0.29212278332883473,0.8770621361754446,0.34946982989796865,0.2905558739634718,0.23547612932086298,0.5000649700695265,0.7439243741586061,0.5803317759173191,0.7433296867666238,0.613630500617399,0.6217221014492754,0.8478066176515151
257,0.21481154694013768,0.19754083571307834,0.8878168788727857,0.40940475091920053,0.31900387279732584,0.24134641142482866,0.5931594058873144,0.6934706950889254,0.515698425175158,0.7544606791110934,0.6981201902669648,0.6219406400966184,0.8560173002935606
258,0.21125240882086654,0.17204458045943985,0.8931737282045711,0.46205073984193346,0.4563540048169781,0.19957217424724652,0.6366120980653661,0.6930128117808363,0.5247058816633461,0.7885616520235282,0.8031950406103416,0.6405419685990338,0.8088293522348485
259,0.21810421815244638,0.1642559336347058,0.8863202161912438,0.5152433761499644,0.4514740814115667,0.18867010746003393,0.6470615744474066,0.6194575371265182,0.5260593154520639,0.746194776377931,0.7292769328238581,0.6523388888888889,0.8102436582386363
260,0.21168607419792193,0.17360220359676673,0.8843458035332665,0.6357484204498612,0.30763726233977917,0.19021040099136427,0.717470616338183,0.71292693967101,0.45904177591145756,0.7817132099195353,0.6328414380384612,0.6238236111111112,0.8277311817045455
261,0.21662213183691473,0.16147254994652693,0.7934583916994129,0.601192525530668,0.2501846949965049,0.1763346032421391,0.761935280372482,0.779118760320564,0.5412099780132952,0.8375323462368767,0.6023576678441769,0.5478169685990338,0.6907907775568182
262,0.2491386950298383,0.14679756821462994,0.8647272069072546,0.5337295624601305,0.26375108083843246,0.15701608974876166,0.707594501697097,0.6584127801220123,0.6662560645146541,0.7952401570381412,0.6455068911824753,0.5453805555555555,0.6924512450473485
263,0.3478335799941512,0.12935791105447414,0.8865769320926844,0.5911084481621257,0.30576877842894956,0.1587010591300065,0.7144582240127492,0.703742738144656,0.7543045818041992,0.835253110221603,0.884988545485889,0.5040265700483092,0.6866453513920455
264,0.32567854470333846,0.14567487160613857,0.8590153441720852,0.5229549458256102,0.3295654449741427,0.17822385047772543,0.6642277260898269,0.8846187848932656,0.7826402333838013,0.8534468868632529,0.654676237527445,0.48330024154589374,0.6898499043844697
265,0.31299934106238086,0.14838335191111687,0.861374672049504,0.5228526156815498,0.28320120325063197,0.17653128319172395,0.5310462569291243,0.8828797413460294,0.7872916728945721,0.9063796914331145,0.6348978107190073,0.48375102657004826,0.7137567110321971
266,0.32142962115454754,0.16390265745665755,0.8725703667485945,0.5353496851773482,0.2546206878273574,0.1829603750898851,0.5430439769176648,0.8846187848932656,0.7287165356315332,0.8679661129173204,0.7894530615375425,0.4892316425120773,0.7219161126325758
267,0.3203094168056323,0.12184412997714829,0.8660446350848116,0.5829395438429303,0.2665637454488834,0.19945553250058545,0.5589178495164182,0.9685395220516256,0.6640761510195301,0.8897250657432817,0.7981918154907945,0.5302852657004831,0.6741594600473485
268,0.16194920993136977,0.12926700596734025,0.8344789989992948,0.3974328276510885,0.4638676954371226,0.21332238362905712,0.7082263047087277,0.820504473136446,0.6909132952449281,0.897740243475557,0.7981918154907945,0.5566362922705314,0.6863902923295454
269,0.07429515825906487,0.12009717068800062,0.848642572808049,0.41997772517338566,0.43793088597278773,0.21891779079900528,0.5637529742395764,0.7499358225703306,0.7225876903760833,0.8594569425289487,0.7981918154907945,0.6007429951690821,0.7742015113257575
270,0.05720367024148749,0.1500272347919636,0.8155720462103505,0.4741674830156376,0.23221875838581543,0.2231856944622008,0.6499166493559332,0.7694761765610402,0.675034334077165,0.8318318834068861,0.7237018659363235,0.6203811594202898,0.820540638096591
271,0.0507054977619687,0.14036935984164348,0.7203860868259218,0.40815714930217745,0.26785578219573364,0.2213503255554968,0.7449677622260775,0.6847792812445106,0.7504939828174282,0.874330505492787,0.5934205407905006,0.5882518115942029,0.7822311496117424
272,0.05532007460805901,0.13592285921714406,0.7093251938168694,0.5449380041217236,0.10815010154083665,0.21593707719517255,0.6450564541926305,0.6020474529788105,0.7785113517866908,0.8949862231188112,0.543494041285692,0.588805193236715,0.7590123286837122
273,0.04028328914354859,0.13197739984980764,0.7190714538351405,0.42536612592942036,0.12006996875921407,0.21941043162636015,0.6649283324596995,0.7680154425155836,0.7906295372123953,0.8752745376615166,0.5384286579238367,0.5934429951690822,0.7606707915246212
274,0.06258871348061423,0.15634796205020424,0.799996933783053,0.4513866395959747,0.1225248385782295,0.2492509489308311,0.6000396393622429,0.6105018734565474,0.762128589691512,0.861678892570608,0.66640047263952,0.6898424516908213,0.8642443711647728
275,0.06728663049701478,0.15289425976403054,0.9101202219946127,0.35174654850878456,0.10738481823693304,0.2339938300210554,0.4867422056506348,0.6506679631061337,0.7816531469826749,0.836483572258403,0.6003348985389909,0.6854007246376811,0.9118985356723485
276,0.05731107140040206,0.1606070591331916,0.875560551364444,0.41449903980699365,0.095060775420823,0.22880868134544793,0.572851186754977,0.775485795467748,0.7714089017139781,0.8341463723289992,0.6655625569729727,0.6693566425120773,0.8910554212594697
277,0.054536167194716184,0.15556806920034771,0.8711936671261099,0.3187617778441212,0.14001702838174054,0.2380102808349491,0.6158386412520417,0.8901739845023668,0.7142548992368837,0.7997283492351814,0.6489538934580135,0.675238345410628,0.9037898476231061
278,0.04628254508827155,0.1499525966439037,0.8105585015618121,0.49250554026501264,0.1374495194617176,0.22334046752296208,0.627990210208663,0.7402259955711777,0.7041530898324825,0.8097312485607888,0.6887358342284635,0.6369359299516908,0.8558460285132575
279,0.02304829218723611,0.13607166603704748,0.8778776197262703,0.4659278963940732,0.16639114259116314,0.2191587553040352,0.5352411593969748,0.8411430876829712,0.6704643702253944,0.7993737863452386,0.6681662736661774,0.6352045289855073,0.7167280653219698
280,0.028767908822789862,0.12957972409728724,0.8592857669037014,0.447071724610835,0.3409850620674576,0.23161773575549668,0.6518837851150624,0.8014052775420143,0.6178404730043006,0.7645317114585732,0.8050956167702333,0.6203618357487922,0.8010337915056818
281,0.06328828548796815,0.21598511810547433,0.8814109073867455,0.3891005366646714,0.2643573442350314,0.3028025888828459,0.5159072480598926,0.7218291496068219,0.5957731717653431,0.7294790230515594,0.6893820576993934,0.7564038043478262,0.970439523626894
282,0.06253051832467017,0.2115280847353146,0.8977474863653808,0.5595239261638253,0.2432905194319014,0.3008739065921654,0.5155665408579148,0.7773087402326461,0.6307649157606162,0.7351862652867114,0.6201934518083677,0.783321920289855,0.974781337064394
283,0.06558449875304866,0.15932753609826814,0.8990266867667025,0.6315364483766372,0.07367591080308367,0.22391465528544696,0.5770453104356467,0.6475911723967086,0.7068453035144143,0.7392697269956141,0.686533870783518,0.8142053140096618,0.9273892044034091
284,0.04529613671735157,0.1601091784927608,0.8793177995274213,0.5758978202523459,0.10861390960380853,0.2335938359306328,0.6901831965075413,0.7936489936510556,0.7382579800718744,0.7353392538631875,0.6485563952266865,0.7865533212560386,0.8758276126704545
285,0.057418600686778364,0.16097160454910578,0.8867427722157586,0.539115363911293,0.11563397592836154,0.24370320796476982,0.6749850370056346,0.7686642808095979,0.7420360474106272,0.7313102533757484,0.7632292393002317,0.7641342391304348,0.9134121448200757
286,0.06835566253599183,0.16020645119890042,0.8905218304210584,0.6199603710553323,0.07205258258268207,0.22995883121328586,0.599291421697578,0.8391383989141361,0.7005655231352771,0.7439724873660136,0.6227515529812698,0.7186166666666667,0.7926220907954545
287,0.1385724596241919,0.1587579176165284,0.8908194217901921,0.5021361381036171,0.09066785048153217,0.23596820007169586,0.5200615256645535,0.8106468466519563,0.6469621595387187,0.7088109895061588,0.6637141710174904,0.7221289855072465,0.7710881475473484
288,0.1335772233947899,0.22890891019798856,0.8769719671705597,0.4866876028129956,0.3263486047659591,0.2485525431810382,0.5105166203520732,0.7056718793617031,0.6305196095498851,0.7084641099420655,0.5843469670629453,0.8070400966183575,0.8829966428598485
289,0.21712877704268113,0.28242236947023747,0.7819418483286877,0.4671946911112493,0.4602036117396447,0.3304353337299805,0.6529129483825609,0.7721637966689922,0.6843917255899804,0.7686688434583373,0.6202196261542293,0.8267841787439614,0.9834201027651516
290,0.28054465388011357,0.35112911886754994,0.8166630756975006,0.4505965479972879,0.46217810892201067,0.3196515706615513,0.4942688514890771,0.6139400886410524,0.6409549416159495,0.7461889008934579,0.777775544383434,0.8204551328502415,0.9814839802272727
291,0.4396342825265772,0.19176185415142336,0.8479223206626241,0.5967952585125704,0.1320527813575662,0.29861684532585614,0.5169294897053213,0.6578791761192027,0.5361145254687635,0.6589005567473499,0.6809825457871146,0.7814861714975846,0.9750049623106061
292,0.3901003508048418,0.19361118491107773,0.8984181849002374,0.7065442477200887,0.22947566498481028,0.3396365514883024,0.5767925260206694,0.7736916592265499,0.4861406387105509,0.5927120942554259,0.7139729145204254,0.7447000603864734,0.9724419489488637
293,0.3628168705574982,0.193786564580123,0.9280321737785451,0.6952134602230218,0.24636159139172234,0.34419906749130164,0.5686679636170938,0.7416206167812319,0.4126991244590514,0.5517558998338368,0.5952682863601935,0.7948140700483092,0.9816004640246212
294,0.3577782676779981,0.29015615808813777,0.9184496191143827,0.554349604783406,0.2850498096730485,0.352841647878151,0.5883816815089231,0.976521804034195,0.426424549143597,0.549366724464862,0.6750720720030416,0.859730193236715,0.9873030617045454
295,0.4280570200135742,0.39907930128237934,0.9161231116542462,0.44497941258808704,0.36841930899224445,0.44912024647385473,0.4950546347815623,0.6952157856938826,0.4326697463293457,0.6119886548914426,0.7456483644768722,0.898545229468599,0.9843017253693183
296,0.42316473588556663,0.3598391123215871,0.8268547667590048,0.5376543510130795,0.3007397738604401,0.5054341952176007,0.4968222206576345,0.7349693219455532,0.4142867274979177,0.5895096162472513,0.6480528225882005,0.8998452294685991,0.9822262614583334
297,0.4344676263643956,0.3620567776143204,0.8603827660380766,0.6333406373713252,0.3299133010213716,0.48904361403540997,0.5525887308140505,0.839666575903576,0.40185377639679465,0.5724154591227857,0.6858438878985433,0.9009230676328502,0.9815641969886363
298,0.4510921690206562,0.3927176784495732,0.868879589608113,0.5834816763713719,0.36090561837209995,0.4911357100396113,0.48204287905740956,0.757591798289301,0.3882696152649043,0.6016317576263224,0.6254543177757035,0.9013217391304348,0.9863077046117424
299,0.51329505193856,0.4849717191198901,0.8745237959400498,0.49360701501672477,0.39596950793277436,0.5132552710684062,0.5908611762336369,0.7730667256994507,0.387575313695941,0.6208719354546394,0.5749295642785559,0.9013368357487922,0.9827093465056818
300,0.5345664578753813,0.4695772875975323,0.8901480580213517,0.49515818308200055,0.28810100414445633,0.47425831662132123,0.610072351801475,0.8009077654494495,0.3728499071822258,0.5527893071606113,0.6619710775715871,0.8978794685990339,0.9891874639867425
301,0.5607840845439391,0.3948718404893451,0.9219325596996826,0.6413063136298236,0.14813366948374848,0.4360374462745275,0.5156732792761846,0.6659322507985955,0.3570494908943624,0.45471187867034174,0.6617865305295416,0.8925730676328502,0.9827710114772726
302,0.6502605015339878,0.47841223974853875,0.9334041422834257,0.44791668972755944,0.33200706313421613,0.5016262176402647,0.6847092971919869,0.7311744189650169,0.3519405567659673,0.5055481521940302,0.6336966223923555,0.9184432367149759,0.9834619243560606
303,0.6228397175384026,0.4760992227288069,0.9379780973053328,0.4255933437994623,0.3804120603348032,0.44810987958285375,0.5850510330511585,0.7444963130257194,0.28970370409447427,0.5419284741118245,0.7177678515866325,0.9586270531400967,0.9859699040814394
304,0.35808182242747083,0.46457332640044396,0.9472812964398227,0.40750074131013625,0.3545348833357076,0.4037583258149707,0.4394156176087406,0.6790550016145631,0.260457752526185,0.531144135351276,0.8427190827772639,0.9513201690821256,0.9840504185227273
305,0.3097278250708134,0.46301049458699955,0.8714142021251114,0.4306817628513933,0.29929865595049177,0.4481985410805449,0.3740084401922243,0.723352420634042,0.2615523985203082,0.548519298819683,0.7171398759519015,0.9697462560386474,0.989134643844697
306,0.29747969082090453,0.36690966060257313,0.8590474849068629,0.46563660826867476,0.304022872363334,0.3890939105158893,0.45257509461715584,0.8715520767071401,0.2242002050373059,0.5775083742602257,0.6277950568670082,0.9867449879227053,0.9876500341382576
307,0.562629856866368,0.273800489762258,0.9287567484398107,0.4686337905123231,0.15733363370426937,0.35205419944470656,0.5416151671056495,0.9017353631222994,0.13552362178647395,0.40476540207409123,0.5431740140351168,0.9689114130434783,0.9520982925757576
308,0.5834090702908127,0.29040508382765506,1.0,0.46189658853623977,0.16806416453259743,0.34147167166387915,0.5872283705483642,0.9289467865874645,0.1724077698470895,0.4089682943039212,0.4807346507393023,0.9932636473429951,0.9777470740246211
309,0.6979356411039204,0.43642570747078907,0.943781192215718,0.4490914053745087,0.32419852310261094,0.3822989126197944,0.7002398349327462,0.8483278021782507,0.2761884162714511,0.574565886439992,0.5495353048818398,0.9930455314009662,0.9909721599147727
310,0.6372707306938588,0.48186666931659167,0.8924343967872765,0.4166987563597393,0.36671647081819053,0.4701396664666549,0.6634570039103844,0.8577697524207005,0.29020135038577843,0.5889541569843579,0.54795419817986,0.9932829710144927,0.9453112547916667
311,0.8067098731855357,0.4682505078246138,0.8910797895552941,0.40352979369580555,0.37827191741566146,0.48889754461689167,0.5268323026159053,0.8050484969199967,0.28485092005948304,0.6081039427438558,0.5152140729768856,0.9941680555555555,0.8709761668276516
312,0.7915751969353507,0.5053779528323139,0.7951177254617747,0.4403706394018077,0.48295339722841557,0.45270829735486556,0.43760113447045507,0.7737178665110701,0.27256099097847575,0.6172039382920465,0.527289894928434,0.9938567028985507,0.9634198975094698
313,0.6808924725933885,0.4824367934202094,0.8801885835880098,0.4256350433305571,0.5791670669771971,0.3971529505984009,0.3963861535446549,0.797017034442882,0.2439132114246458,0.6142648401743934,0.6622803549616496,0.9942141304347826,0.9897990378882575
314,0.6219619632219057,0.40530803376891367,0.898960363841546,0.4205469677209163,0.6179844889332083,0.3534449542734698,0.46421765744729304,0.8807243060252768,0.19125971333463457,0.5949818391034735,0.8782858018096996,0.9782049516908212,0.9902586004356061
315,0.664140383404177,0.4276938083822712,0.9516636532379928,0.41736732993370057,0.635758276489238,0.376178494170096,0.36844682528198913,1.0,0.20516977710252626,0.5818969092013929,0.84553364394992,0.9948829710144927,0.9901110455965908
316,0.834046437820399,0.6022738759817436,0.8454421020107007,0.5433067409299691,0.6125645604259083,0.456912734968785,0.3590942982146459,0.7214416907527942,0.2623017987363652,0.5709248939079589,0.7070432349665733,0.993802958937198,0.9900734746212122
317,0.7672198248103663,0.5962383285339267,0.8202171439431832,0.5305860623179215,0.5811448770742987,0.547923070159864,0.39570011103683317,0.6936495188501538,0.2446854717176886,0.5327924347261923,0.6234886301944301,0.9943237922705315,0.9893069904829545
318,0.8698677559658852,0.6337218418398726,0.9168712885764498,0.5272357420635836,0.6366096955762649,0.5972094592061009,0.443159062902494,0.752275862060484,0.2628624567783352,0.5441701974185382,0.6234232558688253,0.9951514309903381,0.9896142625
319,0.7559045121493368,0.718914418922333,0.9019018009538899,0.5445306168437247,0.5683272099625972,0.6563751801451296,0.4778469014847613,0.8585029719339478,0.27869364624675635,0.5334590762337331,0.6180068844514364,0.9949128863768116,0.9877213106723485
320,0.6581182093621889,0.7739977165064729,0.8829273765823764,0.5534834882147454,0.2541138118728238,0.6918080644005888,0.5581832030080213,0.7744736411694566,0.2812791795694216,0.5513242777052256,0.6445337884433563,0.9960702294685991,0.9750711297916667
321,0.7969280717521429,0.7391830634915866,0.8577830514959391,0.5113845347801471,0.349085138595788,0.6054889816632276,0.6207531189466209,0.8412893935170138,0.26906515766712324,0.5243319630648967,0.6039834743459059,0.9408884057971014,0.9865777972727273
322,0.8214292634653836,0.6814694668323265,0.9069345404624655,0.5804857729022089,0.37104645037750666,0.5623798348688235,0.6171855548672558,0.8585029719339478,0.2629354331779434,0.4408124032381151,0.6727539190182148,0.9552025966183574,0.8893477026704546
323,0.8449562461717531,0.8286053023720004,0.8754331431029632,0.5470230119933908,0.5900764952012431,0.7689458051931488,0.5877272776979484,0.8623619518075761,0.27040979911853885,0.501769650727306,0.6833855641364923,0.9681261473429951,0.6354207358333334
324,0.8514769980256093,0.8359629734805527,0.8182630344672013,0.5015835331950637,0.6242757140159484,0.797809082945364,0.5717077017638068,0.8017708262007772,0.27813767745134754,0.541428944941513,0.7058697648536797,0.9952981884057971,0.6392878986363636
325,0.6921573998325427,0.5758107128121667,0.9116780928249067,0.5593066065302488,0.5459219676063196,0.4916713050992099,0.4688044057779957,0.7803873074320823,0.2317698212986751,0.5462813041858082,0.7133182718282949,0.998025,0.9201650531534091
326,0.670729971455871,0.4976821896453515,0.8365983724635792,0.5828833393555304,0.44294001305288405,0.5062497834934012,0.42390373549263377,0.6709855171812424,0.21810682220897507,0.5460798428624276,0.6568406180479569,0.9984278985507246,0.9828403940719697
327,0.6430224963640391,0.5102370227390896,0.8943694534803438,0.5371583420535031,0.5271112377380743,0.4635917972658223,0.6085428848390525,0.724248110494583,0.22665707715744907,0.5006421226588738,0.6607574310771754,0.99856461352657,0.9900759989867424
328,0.6906099710403558,0.6731259531853607,0.9420282230074949,0.5890434664208475,0.6290661887235008,0.5802322449926863,0.40718464235549134,0.8020000238926899,0.23706017065340548,0.510086173019007,0.5341481245009965,0.8313941086352656,0.9912081061458333
329,0.7025488438110816,0.8199536680505695,0.9324872090450095,0.579424837911426,0.7039811296376665,0.7727491484647299,0.48010069250786364,0.7538835591055982,0.25273397728411734,0.535853675126837,0.5103956313482063,0.8282087560386473,0.9908846731250001
330,0.7248979284236785,0.7338423256788745,0.9500307193314314,0.5655089853484588,0.6377062703537199,0.7360215609655056,0.5427889996872034,0.8347490392686113,0.2500874837561568,0.5453037139615295,0.7301597718230555,0.8710913647342995,0.9907481968939393
331,0.5507437721884065,0.8305438583498546,0.9005168078803996,0.5444015879762057,0.6724753105029335,0.5853488235125267,0.5223896972731805,0.9120021673170132,0.23152744586704457,0.5390506166207965,0.7257769129704332,0.9753219202898551,0.9881561194318182
332,0.6440912496695907,0.9177384055093968,0.9247056914100712,0.563073926271125,0.6992933552869149,0.7927047741893836,0.5105483937352376,0.8909886254051829,0.22731181320855248,0.5528719029134946,0.6276427850388467,0.8227051328502415,0.7328930473295454
333,0.806868171433229,0.9610393724392031,0.9275212162848708,0.5640566326242292,0.6963481740870436,0.9407448097267721,0.47420471924778335,0.7519973817978075,0.28979895441524806,0.5651645463323758,0.6162965412291751,0.8384411835748793,0.6606800728977272
334,0.8595011383689455,0.9704493545143773,0.9141623444202308,0.563735502599882,0.6796941517116174,0.8753080586222579,0.4215003582183748,0.7110971683626534,0.2978952316810186,0.5600147971816658,0.5905698101847775,0.8390635869565218,0.9638840276420454
335,0.9179140373808667,0.9161146726523791,0.8914267966720257,0.5991446073385631,0.6750693227408406,0.8028286463002254,0.4998604162917534,0.5424337604543072,0.28963277924023656,0.543796200233799,0.5785695976746545,0.8389628019323672,0.9908397415340908
336,0.9484123463498502,0.9009500176826315,0.858120806141089,0.6224122619365858,0.6594919976544563,0.7723985360707926,0.497199974908345,0.5420748018908323,0.2992984887144489,0.5364338792185697,0.5717219488757036,0.8391000000000001,0.9904559205871212
337,0.965434500692241,1.0,0.789443836449681,0.5842573809741757,0.6897720383370494,0.9062817286816628,0.5115373527322995,0.7112364261818707,0.29848226673489514,0.5377456941173068,0.5793484477831623,0.9004602053140096,0.9893728608143939
338,0.9820485257978788,0.9616275497843597,0.8201299194264565,0.5617837858293857,0.6816620230645125,0.9032499917269751,0.5728453926213366,0.7732126091393294,0.3006920741768467,0.5372836776555552,0.6239379501086113,0.9476887077294686,0.9814624262405304
339,1.0,0.9242013967497267,0.8766409985140666,0.543231364220367,0.7309051876931842,0.8447087233458986,0.4798842563018733,0.609501198526334,0.29569450965427946,0.5163257115494173,0.5983286213426581,0.9722952898550724,0.9912367801893939
340,0.90321343238519,0.8621818071417607,0.880727128726308,0.4800464926492793,0.8342548757822621,0.7167590343519908,0.4872687312340648,0.6401817148113851,0.2960593916523205,0.5090319755164043,0.6059286787130755,0.9206451086956521,0.9963250048390151
341,0.9509248897684465,0.7997843550432355,0.8874979199472824,0.5591033826451419,0.7346852234064053,0.6520537512324169,0.390563842924266,0.803820530937303,0.2775459531509099,0.5280899003359647,0.642844632222035,0.9734100241545893,0.9970231326799243
342,0.9628454443863722,0.6829297662588963,0.8574984981108671,0.5546834160750577,0.7285033245099372,0.7067562735929228,0.455787459311683,0.8088877122749637,0.22836425598362514,0.4628989143234595,0.7158579409670951,1.000183876811594,0.9904804943181817
343,0.9953153145323648,0.6854279850512587,0.8154323819910027,0.5574112560512708,0.6891293328783596,0.6917222543870727,0.5436806049593258,0.8703774363495759,0.23311153197098997,0.42944639151471575,0.6551902222194261,1.0035480676328503,0.9952886125852273
344,0.9332455389073495,0.799936636910955,0.7462378710965563,0.4916159057286949,0.7638720022262787,0.8075479486908013,0.4510893608653274,0.7138507948294659,0.2694813282994271,0.4660001532145567,0.5148869613386176,1.0032660628019323,0.9973207841950757
345,0.8015973865605606,0.8804244418193405,0.7159810247791537,0.437773889990753,0.7715877806452895,0.7838359264541828,0.4271122901323232,0.7747007310081234,0.28673423870961307,0.5182023638881877,0.5997600911425452,1.0030208937198066,0.9977013161837122
346,0.7632552628825554,0.9154509765295222,0.7615669179883935,0.5057785962159502,0.7834579541426342,0.7573354847772774,0.4355888376698444,0.7709632562431011,0.28711699846016864,0.5221040245486781,0.4988362144162931,1.0029317028985507,0.9973871855397727
347,0.6931193951453197,0.9677303476967088,0.7384829098430614,0.4926065415275058,0.8237131810938582,0.6450372000069666,0.46772282766696954,0.6957600980147339,0.29060697021331966,0.527806747180389,0.616720913970802,1.0019358695652174,0.9863105879924242
348,0.7231889730494309,0.7403266803965848,0.776309447040361,0.5000372171655493,0.7754771425447823,0.6708555549837207,0.5695767623989809,0.7279490289600921,0.28351829480238044,0.5368511516062558,0.7068240170149863,1.001895531400966,0.9780358673390152
349,0.500264284806375,0.37355438274158187,0.8361908459109259,0.523478956292774,0.549065923690322,0.4304898950669275,0.604984588305183,0.6971885813321519,0.2983184361831643,0.567309776105625,0.741112819380909,0.993621074879227,0.9880850805871213
350,0.4683817974473925,0.34433160979545907,0.8367942763465495,0.5204705291848349,0.40584861967407543,0.39342494456262245,0.5525018066625867,0.7744824995755601,0.3652629993241623,0.565804748159787,0.7287614384104008,0.8780825483091786,0.9462873921117424
351,0.410621178484305,0.39818124225390866,0.7775997282531819,0.5116380526047879,0.49181875706064954,0.4252418896520792,0.4658487715056787,0.691364095448646,0.38642439674308376,0.6045984253249652,0.6743694235343658,0.9862033816425121,0.9721504744318182
352,0.3408685311342188,0.3709434671184389,0.7331511780608453,0.4688155623030025,0.5458126414200477,0.4159874894200793,0.41931714977886775,0.7086217476076624,0.4122542321915604,0.5943118078933519,0.5603584575883825,1.0022350845410628,0.9799938541287879
353,0.534604596166391,0.5087836731298939,0.7575312317768218,0.48388863583406183,0.6442393382121524,0.5093726211776395,0.4731159781385077,0.8696142467795367,0.40115009633470905,0.5463615271468851,0.600348416376797,1.0022906400966185,0.9663461494696969
354,0.70570174917672,0.4970747652779174,0.7669681688289971,0.4442445922324001,0.5151483026281353,0.4956516568081986,0.5427137295427268,0.7349628837863615,0.3333805188768551,0.49757319893237933,0.683962091231617,1.0023894927536232,0.9790460939299243
355,0.59668236542772,0.3877640891677467,0.7555700130265276,0.4379532347196542,0.5583420849497597,0.43321863705115576,0.5915887501193372,0.7045794415404947,0.2926591017396519,0.4415348618481517,0.5742717448176453,1.0022882850241546,0.9724574023863637
356,0.6614237510623234,0.41626802596488555,0.7732463937173584,0.4355579544019432,0.6094239172566416,0.464901354945253,0.5288217515928653,0.8065459350534452,0.2730011939994056,0.38665501211592695,0.6539681491256414,1.001109842995169,0.9480867017045455
357,0.6482753853987648,0.419495608114566,0.764716222359026,0.494480619462433,0.4525077108090469,0.4702263046566854,0.48139226697903126,0.7404408333366987,0.2617217975523305,0.3677596800301548,0.6499110959169682,1.0006460748792272,0.9540753712215909
358,0.6318033737090221,0.4614552775987586,0.7581148954317889,0.5191729875095439,0.4294001305288405,0.4370075186116455,0.6520105174781712,0.8566572961232877,0.2555161658844417,0.3843097898904154,0.7467990480953012,1.003331038647343,0.9541533039393939
359,0.6910144206868127,0.4487220287116917,0.7582638843653229,0.5063202558588067,0.5651136826691492,0.4840447202327719,0.6360090225987238,0.7353698106477068,0.2500004396168651,0.3821987961132315,0.5615647392560613,1.0035170893719807,0.9560054234469697
360,0.6664649381266167,0.501706209118089,0.7614467303752404,0.49347971171183785,0.6667704713283794,0.5275818757042376,0.5445693686183855,0.7508351293864236,0.24480387519335814,0.4001233173798865,0.6175714779050836,1.0034881038647343,0.9606556050852273
361,0.6265970748820804,0.5301489469690721,0.7873187907368936,0.4552998753348591,0.4004949494614857,0.5086220170188054,0.4676190437449995,0.7409300092475434,0.22696129202810494,0.38883334798438124,0.6365555790946825,1.0040585144927536,0.9746182899147727
362,0.6223181529293474,0.5189700617655016,0.7994881724645581,0.46950936166099494,0.45701990067881626,0.44682156541546286,0.40289179184631735,0.8580439463754729,0.21642631347261565,0.38557188915130214,0.5610312184705707,0.994797463768116,0.9886023731344697
363,0.6841642591699245,0.5213330350114723,0.8119888130231772,0.46849810679799264,0.6072274547869961,0.5056121671348466,0.35477291433164193,0.7825425875670311,0.21370098198684545,0.3999626454775605,0.599532500740316,0.910066847826087,0.9889404972253787
364,0.7003054891650657,0.4995179031182402,0.7642951015542558,0.4497426471176291,0.48350996690398185,0.5721713119321058,0.43182967430814,0.7278809528720868,0.1947716659310411,0.38611763126679743,0.6692720163806045,0.911167270531401,0.9878838854356061
