,SE-N load,SE-S load,NO-N load,NO-S load,DK load,FI load
0,3326.0019827916663,11869.806955458334,6097.361889208333,11840.571720166665,3538.4541666666664,9209.717870541666
1,3822.422227833333,13085.110473125,6565.006037208333,12823.999408041665,4056.820833333333,10206.0582715
2,3895.4263697083334,14212.783702458333,6590.925604041667,13233.112581916668,4217.333333333333,10336.320424208334
3,3856.8679982083336,14833.952464625,6793.553474083333,13495.076432541668,4535.220833333334,10770.138579583334
4,3752.5748822083333,14613.211765291666,6824.8228715000005,13150.075532625,4487.133333333333,11119.0253055
5,3702.6445137083333,14270.025553916666,6811.628789541667,12946.630088875,4402.2375,10640.248993916666
6,3548.510558,12990.551846416667,6439.905797083334,11904.960817624999,3849.745833333333,10836.529879541666
7,3366.04309625,12327.992656083334,6114.653863750001,11068.551721208334,3812.2041666666664,10575.625528333334
8,3454.985256208334,13333.995904583333,6245.741683416666,11441.145952541667,4284.291666666667,11002.033420958332
9,3426.6640395833333,13246.146099458332,6178.026493208334,11589.813824375,4293.279166666666,10676.022025166667
10,3383.1719474583333,13325.455942166665,6142.109705416667,11308.264029208332,4471.366666666667,10078.501282666666
11,3447.3263695833334,13242.077388208332,6144.59851825,11361.399706999999,4448.395833333333,9871.119402583334
12,3450.4543865416667,12667.273616333334,6260.656050500001,11529.455488166668,4308.866666666667,9799.53126625
13,3368.846014833334,11744.098633083333,6218.514076041666,11222.800345791666,3941.9041666666667,9019.9279115
14,3473.1292755416666,12290.845668583335,6192.193864083333,11216.654105541667,4043.120833333333,9086.88918375
15,3651.8808061666664,13608.748734916668,6484.809470375,11984.209425708332,4361.654166666666,9649.647908125
16,3701.2426166666664,13754.217450583334,6454.7489040833325,11980.271809625001,4571.016666666666,9819.399290625
17,3552.69041675,14076.741159166666,6448.853399791667,11934.291248916668,4553.483333333334,9773.914595375
18,3509.919402375,14310.954726708333,6456.299043416667,12340.062126291667,4553.587500000001,9884.439605458334
19,3683.407956291667,13971.62753125,6485.005949666666,12779.090323208335,4381.55,10194.563851541667
20,3672.3886097083337,13387.369458875,6207.055541791667,12864.717245375,4068.9,9810.741959125
21,3724.9190742083333,13968.074959291667,6028.524247291666,12857.326569750001,4319.516666666666,9834.601211625
22,3819.774316375,15155.017655666665,6197.1349115,13127.738950375,4536.8125,10645.703821833333
23,3576.6887035,14228.484297958334,6011.089619208334,12136.318838583333,4477.566666666667,10157.612573208333
24,3328.7820547916667,14037.848180083332,6034.748723708333,11599.731128125,4508.508333333333,9979.547851125
25,3522.9200880833328,13960.122261625,6296.9772588333335,11985.378292791667,4432.425,9787.996119083333
26,3600.8199839166664,14517.261355833332,6230.7480070833335,12540.2317415,4359.291666666667,10386.847666708332
27,3285.8880377916666,13245.473138166666,6014.922992208333,11658.703026916666,3999.995833333333,9938.656486583333
28,3164.9065469166667,12460.580904416667,5966.092616541667,11007.926704625,3945.475,9491.61624275
29,3365.5141035833335,13481.865620416667,6400.323626333334,11689.087987333332,4464.920833333334,9923.157125208334
30,3564.357086458333,13990.5308575,6384.814994458334,12081.532006083333,4599.170833333334,9953.965967708333
31,3719.393506791667,13982.758942083334,6613.9666435,12315.365044625001,4525.191666666667,9951.648454958333
32,3784.4209307083333,14741.8176,6692.61449825,12930.037761083333,4434.9375,10042.10247475
33,3940.864133291667,14838.337239,6729.971864833333,12775.298120500001,4441.254166666667,10373.123312541667
34,3955.1389307083336,14291.957904125002,6451.764230208333,12397.416430041667,3930.5291666666667,10301.485031999999
35,3669.6936399583333,14166.057065583334,6078.918830375001,11510.702877416667,4028.941666666667,10094.224474
36,3733.2261466666664,15098.886545,6140.969024916667,12133.689362041667,4440.904166666666,10457.176409458332
37,3553.4056330416665,14590.240898541668,6117.430964708333,11988.233909499999,4379.008333333333,10484.330214958334
38,3512.978188541667,14081.481474833332,6016.063319375,11790.783193124998,4444.145833333333,10249.937488375
39,3338.395904541667,14412.528949125,6321.464142833333,11562.641253,4688.375,10289.613208916666
40,3497.8873903333333,13755.806059541668,6559.525956166667,11975.006702916668,4396.537499999999,10450.898866458332
41,3470.205110375,12402.078622875,6311.68833475,10841.672427666666,3779.7791666666667,10156.833170791668
42,3341.04994125,12735.360147874999,5998.110153583333,10652.761844541667,3555.4874999999997,10059.977581833335
43,3336.4339638750002,13145.166361958334,6188.709870208334,10994.354581958332,4074.133333333333,10112.368279625
44,3412.221399208333,13283.121850666668,6167.15702575,11616.394224083333,4228.837500000001,9934.805681541666
45,3532.322815416667,13471.519084916667,6089.212801000001,11613.402131499999,4286.3625,10139.601200333333
46,3513.7014529166668,13525.795983666665,6145.16430125,11299.1133985,4200.433333333333,10181.293076916667
47,3447.651778125,12949.435202499999,6169.22294975,11361.093706708334,4358.054166666667,9854.54042175
48,3352.6064277916666,12174.785433208332,6142.061665916666,10813.48429075,3783.683333333333,9560.527038541666
49,3403.9172517499997,12819.079211708333,6161.292150375,11029.817623958334,3744.129166666667,9287.572381666667
50,3522.8869915,13701.418254166667,6465.642916625001,11309.328207958335,4462.766666666667,10090.123470875
51,3547.6005589583333,13713.375959416668,6484.231727875001,11102.462355208334,4268.7,10225.280530458333
52,3753.123101458333,14289.076237083333,6564.868279666666,11645.698053375001,4242.0625,10813.297134083334
53,3559.0999305833334,14076.967104291667,6469.883813875,11499.814167416667,4309.408333333334,10378.528112541668
54,3521.780855958333,13954.350940333332,6649.811743166666,11490.359042791666,4397.337500000001,9862.566678583333
55,3336.7540129166664,13609.61653025,6268.898743708333,11137.819340083333,4068.6625,9362.415924833333
56,3282.039980833333,13175.071406333334,6061.823972375,10855.580693166667,3825.1041666666665,9345.753962708333
57,3319.3560644583335,13651.657138166667,6158.445500916667,11317.688333041668,4214.791666666667,9881.825434041666
58,3189.775362791667,13389.581522666667,6170.249404583334,11265.439458208333,4182.691666666667,9415.212222958333
59,3153.7232822499996,13143.823721333334,6062.68780725,11105.870720833334,4193.9,9100.320819791667
60,3239.5695695,13094.830494125,6202.8968276666665,11316.152384708332,4162.458333333333,9157.810654958334
61,3302.4477527916665,13110.4734625,6390.455105708334,11307.827495125,4237.8875,9370.549240208333
62,3254.2188725833335,12724.171625416668,6388.724547458333,10990.693227000002,3947.308333333333,9246.226154083333
63,3320.5714210833335,12962.9121335,6273.608310416667,11068.322090333333,3832.5416666666665,9170.49328525
64,3591.314901958334,14441.973511166667,6534.6499183333335,12085.561932333332,4250.991666666667,10367.533136833334
65,3680.0848608750002,14918.837320416666,6584.590661708334,12635.309728416667,4535.575,10907.499322875
66,3757.3265219166665,14826.634514916666,6741.253663625,12731.018552208334,4618.745833333333,11073.528432125
67,3825.4187177916665,15209.860709208333,6813.0344797083335,12739.919458833334,4569.504166666667,11328.182931000001
68,3602.2926200833335,14660.668632833333,6842.998483041666,12875.109074291666,4528.45,10988.875146625001
69,3387.0472072499997,13306.327106041666,6512.049183499999,12047.644317625001,3906.1541666666667,10481.844684875
70,3322.3098704999998,13255.68950725,6395.275440708334,11821.314205416667,3946.6416666666664,10049.549358958333
71,3563.720552875,14204.937491958333,6567.798076041668,12429.225074791668,4643.6125,10618.873230166666
72,3412.4218160833334,13235.818659958333,6515.1647777083335,12006.020169750002,4436.058333333333,10042.250362375
73,3521.759540375,13593.274449541668,6424.168650291667,11866.223104666666,4535.0125,9957.373894083334
74,3434.333808083333,13599.503599166666,6499.323908541667,12371.107721208333,4590.170833333333,10217.004162541667
75,3510.20580725,13452.601562541668,6504.805221416666,11912.466483541668,4285.316666666667,10403.010137208334
76,3168.312073333333,11864.491372333332,6186.207179833334,10479.04078325,3699.2208333333333,9532.258601666666
77,3163.766704125,11495.836018125001,6126.238358250001,10569.807865916666,3601.9041666666667,9035.792862875
78,3183.773874875,12846.186362833332,6283.216943041666,10888.875592166667,4196.412499999999,9668.53597025
79,3268.4803599166667,13007.868728875,6333.097589208333,11597.362496125,4284.5125,9770.6490915
80,3183.455101625,12488.918100750001,6360.512126500001,11266.481123041667,4394.983333333334,9900.478167
81,3267.5641994166667,12146.128344375,6247.295362916667,11073.304287125,4338.458333333333,9742.876761458332
82,3277.690291875,12040.144435958333,6267.058682166667,10982.508682874999,4321.716666666666,9824.148251125
83,3194.5364015416667,11712.0134605,6137.315417625,10692.73082675,4017.65,9478.651241041667
84,3394.2724387916664,12707.033089708333,6221.517699208333,10868.916874958333,3765.1749999999997,9586.153326916667
85,3608.303591291667,14629.843280333333,6439.0953671666675,11972.4459585,4561.570833333333,10490.348794791667
86,3539.895918,14175.090041291667,6500.248901416667,12044.026935291666,4387.408333333334,10362.507499416666
87,3539.2966615833334,14128.254921083333,6266.891069666667,11806.076670833332,4310.020833333333,10195.629785833333
88,3546.4798766666668,14111.234811625,6343.040008291667,12130.204901291667,4536.483333333334,10552.907732916667
89,3373.5403291666667,13582.157014375,6198.158086541666,11396.321264083332,4191.308333333333,10317.3357185
90,3025.4921985,12222.669794583335,5912.464412583333,10490.940363833333,4104.158333333334,9582.955446333333
91,3086.8014937499997,12036.046126458334,5813.659295583333,10181.463019458333,3761.8916666666664,9238.613582125
92,3361.2673055833334,13315.252663166668,5976.524977624999,10604.036757583333,4122.345833333334,9812.333215749999
93,3197.001826,13059.423746,5703.625664833333,10343.578663375,4099.345833333334,9594.418061833332
94,3190.160868166667,13351.715997666666,5393.807878375,9954.336510375,3956.5333333333333,9487.651637083332
95,3169.0355062500003,12963.042777833332,5137.176541875,9991.201925625,3606.8624999999997,9244.268242958333
96,2963.5094759166664,11913.731618708334,5181.290713833333,9581.11960775,3557.4083333333333,8613.221659916666
97,2877.090419625,10520.285211875,5119.791398833334,9092.593774583334,3284.7000000000003,8393.301749958333
98,2784.4420200416666,10358.437376208334,5049.79764825,9060.713427708333,3222.320833333333,8117.574496124999
99,2702.902598,10537.737355416666,5108.736115208333,9879.321311666667,3729.5333333333333,8264.761659291666
100,2930.5381164166665,11729.377328958333,5383.924812166667,10279.21450525,4039.1666666666665,8915.472939333333
101,2996.0902872916668,11539.344043083334,5308.048872625,9955.127218458334,4083.0916666666667,8729.079168125
102,3009.0497981249996,12028.205355666665,5242.82887675,10024.1611765,4076.8416666666667,9116.161443208333
103,2994.222526791667,12178.354823833333,5528.391075458334,10072.413750083333,3863.7791666666667,9119.804848458332
104,2795.2360183333335,10401.262675,5383.610117416667,9827.521548208333,3424.275,8452.137118208333
105,2870.0305417500003,10313.956191875,5262.861330125,9262.860308833333,3339.929166666667,8102.541454458333
106,2863.5770231250003,11335.74044,5428.730630125,9316.574815833334,3787.183333333333,8515.734326708332
107,2780.5810617499997,11086.092891791666,5298.383545875,9084.322090291667,3891.375,8345.853215000001
108,2732.2682589166666,10907.968025666667,5275.222335541667,8890.906831291666,3934.1375000000003,8530.207495625
109,2767.2483183333334,10737.100219666667,5288.404954125,8711.759867499999,3896.4208333333336,8429.188758625
110,2675.023767125,10242.702433291666,5355.978896083333,8642.242895708334,3639.008333333333,8418.235093125
111,2533.429653458333,8925.752889166666,5392.359432166667,8136.2405302083325,3170.4666666666667,7927.214476541667
112,2752.8879787916667,9445.871298125001,5493.898207958333,8538.649404958333,3202.9708333333333,7909.379911958334
113,2934.418663708333,11319.899545416667,5727.95087025,9790.121070333333,3788.0333333333333,8536.879210166668
114,2973.391730625,11613.560089958335,5792.750144166667,10141.577847416667,4097.383333333333,8520.56914075
115,2965.292451,11411.820624958333,5664.720574374999,10074.711085708333,4060.2999999999997,8166.025699541667
116,2895.4963267916664,11595.088146333333,5536.514985166667,9763.196720833334,3896.15,8349.587245583332
117,2938.469843375,11166.909400916666,5410.623040208334,9666.782694291667,3721.6083333333336,8603.275338666666
118,2723.4536120416665,10160.055605291667,5348.875998125,9001.87123425,3331.2833333333333,8154.2580773750005
119,2592.8286751250002,9879.467813875,5394.831512,8849.231990208333,3312.3458333333333,8200.865626166667
120,2598.313239625,10132.021515166667,5285.1497220833335,9294.269128416667,3482.7916666666665,7921.711996125
121,2724.458745375,11111.395676458334,5483.454525541667,9509.4283855,3805.3916666666664,8860.069056958333
122,2777.7961294166666,11063.249464291666,5294.985670833333,9286.659844374999,3738.35,8819.240349125
123,2719.59489875,11219.589437499999,5483.458991791666,9371.849311541666,3834.883333333333,8999.138913625
124,2575.2114460416665,11001.313546,5394.527534708333,9164.356229708334,3633.5875,9002.706076083334
125,2407.6243681250003,9990.853379791666,4985.985058708334,8384.493200291667,3407.2333333333336,8208.992991583333
126,2440.48441075,9655.130677208334,4890.812597041667,8276.818503708333,3282.7166666666667,7775.656264958333
127,2597.0058740416666,10452.252693583334,5006.845952666667,8744.710541416667,3687.441666666667,8154.982231499999
128,2465.744601125,10171.634678791666,4891.985117541667,8802.616025041667,3601.3375,8052.554902250001
129,2521.2059137916667,10220.465093416666,4839.064001125,8719.539045666666,3691.4625,7923.3662950416665
130,2518.09703925,9992.503675375001,4895.015866541667,8750.163657666666,3702.0875,7905.456612166666
131,2544.9874297916667,9666.468770208334,5000.35056775,8597.374057083334,3511.6416666666664,7740.019948791666
132,2258.8499205000003,8511.092884416666,4755.018755,8086.029363041667,3040.9874999999997,7193.3022455
133,2280.7411480416667,8533.757196791667,4678.815715833333,7998.427124916667,3072.629166666667,6880.215623833334
134,2452.3047317083333,9814.438677583334,4826.073123583334,8641.528892875,3658.6666666666665,7518.537385166666
135,2525.440113625,10031.678366333334,4890.6717975,8693.266617958334,3909.2916666666665,7563.895775624999
136,2615.5771518750003,10522.993297708334,4886.408091041667,8214.50660225,3879.1875,7910.720020708333
137,2620.6258057916666,9300.142172291666,4823.600395791666,8262.844016041667,3261.866666666667,7543.488408541667
138,2548.716463625,9321.010408958333,4778.318038625,8378.218929916666,3327.8125,7415.522756458333
139,2357.6070095833334,8506.426726916667,4566.463072333333,7894.918326374999,3165.4583333333335,6955.977329875
140,2392.4330292916666,8452.960365541667,4488.2204463749995,7782.786561875,3204.5791666666664,6757.2936055
141,2517.1356931666664,9393.284139333335,4582.011415666667,8222.541399833333,3684.254166666667,7301.80919325
142,2558.9122801666667,9582.758442,4746.086767833333,8568.949157666668,3859.1583333333333,7385.18092625
143,2556.6391063333335,9511.049897833333,4836.0338155,10308.796857833333,3741.3458333333333,7521.218097541667
144,2556.5553323333334,9638.673166,5049.014986499999,8683.881799333334,3719.1666666666665,7695.889426833332
145,2536.054150833333,9569.866237333334,5119.694063166667,8759.2055965,3625.616666666667,7877.260370041667
146,2390.9647416666667,8518.687119333334,4746.635892666666,8310.101825666667,3172.7875,7332.122355666666
147,2450.164725666667,8523.408667833333,4684.091516833333,8141.6501204999995,3165.054166666667,7264.550437833333
148,2635.0191556666664,9892.407021666668,4791.773033,8407.083916666666,3302.1083333333336,7689.9028545
149,2628.3072668333334,9846.893319333334,5109.249283833334,8515.277082666666,3572.554166666667,7600.226074791666
150,2673.3449993333334,9837.527624,5162.849308666667,8641.150090666666,3739.7791666666667,7801.795229166666
151,2794.247108833333,9947.647104041667,5207.898894166667,8710.681602499999,3759.9041666666667,8001.511562666667
152,2714.358581666667,9758.7260505,5106.774434,8454.8092755,3528.745833333333,8170.3909398333335
153,2519.4396461666665,8684.473140333334,4862.1197055,8071.124557666667,3198.566666666667,7424.170334166666
154,2463.336377166667,8566.540077666667,4612.246635,7883.894796166666,3209.3583333333336,7087.214117583334
155,2633.5341384999997,9339.4221545,4891.586166,8196.951463333333,3278.5291666666667,7710.883945625
156,2504.7451735,8613.157542333332,4783.228932833333,8123.8447418333335,3721.5291666666667,7729.5129055
157,2545.997566,9642.5537205,4757.4320395,8171.297192666666,3794.525,7724.438856291667
158,2516.0411785,9738.673498833334,4635.157321666667,8277.827280166666,3817.8916666666664,8005.097612375001
159,2537.22566,9421.075705000001,4504.771776833333,8125.4192315,3614.991666666667,7727.454473666668
160,2324.5941565,8427.297771,4254.450296166667,7821.1816868333335,3251.4208333333336,7113.006591583333
161,2303.5069058333333,8532.246526666668,4230.523835,7750.103431666666,3288.804166666667,7046.504889416666
162,2469.6468898333333,9735.4944795,4531.327027833334,8363.917565166666,3716.191666666667,7632.059164708334
163,2464.5522215,9549.653341833333,4543.2045135,8228.204176333335,3764.941666666667,7458.162353708333
164,2445.5557706666664,9460.989256166666,4530.034069666667,8117.6076625,3791.9375,7482.145070291666
165,2424.880055,9462.585787666667,4609.961708833333,8109.092912833334,3805.808333333333,7425.968743625
166,2402.750814833333,9202.391773,4578.088706833333,7842.871668,3678.629166666667,7342.7833003333335
167,2199.1148481666664,8246.305379833333,4323.595733833333,7328.539066333334,3245.625,6869.381543541666
168,2221.4487263333335,8434.235604833333,4252.3572300000005,7290.699552333333,3251.616666666667,6599.284859958333
169,2395.842236,9686.087224166668,4419.012771333333,7847.822076500001,3831.3125,7153.439103208333
170,2383.4381568333333,9505.133502499999,4419.4604874999995,7862.8278414999995,3875.0833333333335,7119.2716371666675
171,2431.309295,9658.498334166667,4430.476731666667,8044.0043049999995,3889.2000000000003,6959.646705374999
172,2437.7585071666667,9335.874493166668,4461.371433666666,7902.3314155,3775.3291666666664,6741.816527166667
173,2270.456252,7953.188928166666,4493.861638166667,7874.049232666667,3603.4791666666665,6045.606363375001
174,2295.2401165,7675.980871,4324.9895713333335,7398.562816166667,3184.975,5837.433744541667
175,2253.4008264999998,7931.800564833334,4255.885747666666,7337.924785666666,3272.125,5916.199411416666
176,2331.373296,9543.004299166667,4447.7823223333335,7890.283455833333,3290.5416666666665,6747.266435875
177,2314.0082175000002,9555.6005925,4409.0373395,7913.1965568333335,3589.3875000000003,7077.523902166667
178,2302.316803166667,9526.358778166667,4477.318204166667,7670.1456155000005,3775.0333333333333,7154.711434958333
179,2319.4898491666668,9611.965117166666,4497.3313005,7735.424435166667,3855.6458333333335,7307.020811041667
180,2325.585143,9258.790244166667,4397.873701666666,7697.838532166667,3577.9,7270.5217957916675
181,2248.0380448333335,8217.0093325,4301.095813166667,7384.561080166666,3177.429166666667,6868.358326500001
182,2184.2582183333334,8264.195270166667,4286.420192166667,7475.507524000001,3282.375,6717.299465708333
183,2333.5432653333332,9545.666074666666,4500.165752,8097.205253666667,3679.7374999999997,7310.861836958334
184,2391.150322666667,9355.924239666667,4495.8982855,8024.003715166667,3627.1625000000004,7304.502483541666
185,2420.4137928333334,9270.95108,4498.011202166667,8119.2640323333335,3681.2208333333333,7354.562996208333
186,2370.279439666667,9306.969467333334,4494.5325015,8055.112528166667,3544.245833333333,7394.27815225
187,2374.379985833333,8943.025017333333,4432.505423333333,7680.9057845,3404.191666666667,7294.09177425
188,2294.680074833333,7888.183085333333,4237.68614,7242.575992666666,3010.125,6781.763294583333
189,2291.815309166667,7966.1537795,4197.536300666667,6949.2682475,2984.616666666667,6638.71680275
190,2437.0228358333334,8896.318410333333,4328.527616833334,7427.268811666666,3586.0,7083.223303375001
191,2359.7034836666667,8833.613252500001,4362.250670666667,7440.024909833333,3544.3416666666667,7167.3634875
192,2326.6489363333335,8998.954639,4267.9449785,7582.927685166666,3588.195833333333,7116.65834275
193,2359.3307746666665,8688.476638833334,4314.905103,7703.107673833333,3454.2208333333333,7119.199923583333
194,2338.576787833333,8379.3137425,4357.065059166666,7612.458682833333,3254.441666666667,7119.892137083333
195,2106.7754098333335,7677.932411166667,4246.095427,7820.072987666666,3057.1,6715.324475083333
196,2186.0641328333336,7821.4226364999995,4269.6697933333335,7738.753786166667,3189.6375000000003,6709.167166125
197,2231.795707333333,8299.815754333333,4478.3598795,8115.0057916666665,3270.6666666666665,7090.465892583333
198,2204.2945505000002,8313.468888833333,4547.810276,7941.171029166667,3194.7125,7110.976981541667
199,2205.1057616666667,8283.653091333334,4589.6396276666665,7997.071691333334,3216.004166666667,7002.213416833333
200,2237.5065231666667,8228.638574333334,4618.3963505,8127.734767499999,3242.4708333333333,7066.791357458334
201,2268.6747893333336,8087.894549833333,4631.545071333333,7972.641437333333,3184.758333333333,7058.637051458333
202,2142.3605833333336,7557.9543693333335,4484.121273333333,7781.074348666666,2943.5625,6718.560489916667
203,2182.117887,7626.6499650000005,4393.85503,7588.873772333333,3146.429166666667,6608.726248916667
204,2285.8643485,8293.975786166668,4558.9995885,7851.849088666667,3297.0333333333333,7072.514458375
205,2263.6135209999998,8034.4405205,4550.253424833333,7953.258216499999,3278.0875,7028.354373541667
206,2281.0465901666666,8176.7311936666665,4479.144899333333,7862.0004223333335,3303.241666666667,7003.579439083333
207,2299.636367,8227.995736166666,4535.4166075,7529.6860745,3294.3333333333335,7041.542611333333
208,2268.3665518333332,8162.001018999999,4512.953128666667,7406.259385166667,3232.5375,7187.359316875
209,2194.0501621666667,7633.767888833333,4421.126075333334,7104.553293833334,3062.195833333333,6974.751450250001
210,2160.342119,7619.174529333333,4305.5265463333335,7353.2705283333335,3125.8416666666667,6614.047019958333
211,2298.7791765,8490.593286666666,4474.159031,7512.1590706666675,3418.2916666666665,7156.208939249999
212,2296.689532,8547.151645833334,4481.787662,7376.915276,3522.9208333333336,7403.245840125
213,2542.991336,8574.1863295,4442.247638833333,7377.798867833332,3502.1083333333336,7498.031918208333
214,2398.3666545,8641.434300833333,4488.392606333334,7578.774132333333,3543.808333333333,7419.622350666667
215,2384.737087666667,8550.197669166666,4506.9416615,7278.461789666667,3417.679166666667,7551.189223208334
216,2303.8548818333334,7927.737176,4397.186537166666,7000.984897333333,3057.945833333333,7043.385858416666
217,2295.2787571666663,8150.9297504999995,4394.646804,7278.846488833333,3164.9083333333333,6937.34595775
218,2385.2410643333333,9116.5031735,4794.706960333334,8369.868925666668,3994.6625,7907.188711083333
219,2374.572526833333,9532.015919166666,4768.705201,8368.102584666667,4073.2083333333335,7778.948056791666
220,2448.479101666667,9859.368632666667,4721.838112,8199.7470245,3978.9833333333336,7593.754347791666
221,2481.0237508333335,9820.939771333333,4744.781657166667,7996.2359363333335,3805.3250000000003,7725.6391209583335
222,2546.7652896666664,9459.343692833334,4717.6401203333335,7827.786190666667,3709.691666666667,7691.394248333333
223,2342.5254296666667,8567.707407833333,4408.859774666666,7422.388454333333,3340.5916666666667,7048.614020333333
224,2287.272366333333,8506.312055333334,4394.614315,7339.458875666667,3306.1041666666665,7014.018803458333
225,2501.8494164999997,9960.833096333334,4667.710756333333,7804.308409,3790.2374999999997,7705.982475416667
226,2427.1310766666666,9842.247759333333,4706.961685166667,7931.553508,3810.6416666666664,7704.601557041667
227,2449.4156123333332,9881.20707,4754.858502166667,7915.6129925,3813.433333333333,7964.972518708334
228,2529.1439761666666,9875.970667833333,4856.918384,7859.136124166667,3841.991666666667,7907.79786725
229,2431.952390666667,9643.8671175,4808.756959666666,7709.166106833333,3691.725,7603.358496791666
230,2280.1901525,8581.675512166667,4556.6264028333335,7478.622545333333,3331.8291666666664,7119.565627041667
231,2314.7417578333334,8758.711289666668,4511.903904833333,7358.812485666666,3222.8624999999997,6878.243401458333
232,2436.006066,9854.474969833334,4814.72332,7777.349566666667,3706.866666666667,7494.31365625
233,2372.674537,9715.798208,4828.300656666667,7750.834118,3779.754166666667,7608.372730874999
234,2439.387939333333,9720.8752075,4856.251863666666,7805.374762166666,3831.2708333333335,7548.505829958333
235,2545.4143101666664,9666.620604,4736.778763166667,7909.114141166666,3796.0208333333335,7674.577561416667
236,2548.348035,9745.735518833333,4712.179064166667,7897.544718666667,3714.945833333333,7681.271560291666
237,2416.1559265,8862.107026666667,4615.0463055,7266.202257,3276.2000000000003,7196.158810541667
238,2370.7161615,8754.284786333334,4619.741337333334,7193.281266833333,3232.0291666666667,7130.183188083333
239,2508.2518626666665,9741.022334166666,4826.551598999999,7659.350063833333,3738.9041666666667,7828.745444958334
240,2495.879671,9857.050890166667,4848.1850035,7678.6306515,3783.379166666667,7693.342659583333
241,2521.4537415,9972.627652666668,4827.300795166667,7730.813294166666,3806.8291666666664,7779.894632625001
242,2595.049829666667,10028.280411333333,4844.4837603333335,7686.333330833334,3833.0499999999997,7872.486165208334
243,2497.427653333333,9918.197349,4890.9237985,7539.9682985,3630.058333333333,7645.8526179166665
244,2290.8224201666667,8739.1043285,4668.708950666666,7073.805678166666,3212.9791666666665,7141.081273083334
245,2324.5679526666668,8875.986876333334,4615.0573235,7111.992614666667,3253.745833333333,7059.6917900416665
246,2497.7167423333335,10061.533447666667,4878.7526548333335,7607.191446333333,3720.383333333333,7769.109975416667
247,2460.6080421666666,9989.084555333333,5006.98999,7593.914210166667,3796.3958333333335,7844.046109666667
248,2510.7378556666667,9934.117913,4986.513353666666,7562.545933666667,3826.4500000000003,7951.8821700416665
249,2562.638739333333,9949.684159166667,4847.211749,7432.480827166666,3839.8333333333335,7920.5007985
250,2441.0849853333334,9611.458480833333,4662.876683833333,7276.217744833334,3715.008333333333,7693.1338803749995
251,2252.6260305,8596.097340166667,4367.033698333334,6785.982548166667,3280.5458333333336,7305.110062125
252,2210.7326151666666,8642.3588155,4457.273811166667,6815.8936288333325,3318.8375,7091.308777375
253,2419.889217833333,9878.9864445,4770.7165190000005,7558.111653,3798.9708333333333,7594.68152275
254,2419.3246286666667,9986.811032166666,4689.591692166667,7645.548349333333,3851.0125000000003,7798.587325458334
255,2460.9351125,9956.905503333333,4923.7908308333335,7810.075690000001,3815.7041666666664,7624.313656166666
256,2601.675385666667,10049.7162105,5065.610065333333,8173.133060166667,3835.3541666666665,7813.088784875
257,2605.4147636666667,9918.129785,5087.0177775,7969.971714833333,3677.1666666666665,8039.088469083334
258,2458.9079895,8714.147572541666,4973.998728166666,7533.634064166666,3270.2291666666665,7664.05024175
259,2492.6861608333334,8929.661484541666,4922.384404166666,7530.729239,3285.8583333333336,7464.34260575
260,2716.639649,10318.5507445,5128.820924166666,8358.64925,3874.3291666666664,8248.046979375
261,2616.8769126666666,10067.068020166667,5151.465580666667,8197.871605666667,3527.883333333333,8402.407092375
262,2607.1754936666666,10145.233001291666,5216.010213166667,8554.078339333333,3432.7083333333335,8249.469709583334
263,2754.0419516666666,10012.485179000001,5184.615169833333,8525.2876685,3682.7625000000003,8185.248624708333
264,2692.2518825,9712.734081291666,5076.495175833334,8562.001593166666,3683.004166666667,7779.745976958333
265,2421.2764645,8797.051083041666,4938.202437666667,8389.6727165,3259.0875,7360.236974208333
266,2489.989071,8956.753774875,4945.854220666667,8391.265478333333,3324.5416666666665,7196.678544083334
267,2767.7133253333336,10217.125622458334,4975.409094333333,8877.443351833334,3902.1458333333335,7938.792024625
268,2756.8730474999998,10097.8780335,4885.635397166667,8916.396029666666,3880.0125000000003,7931.519609374999
269,2748.278684833333,10206.590824666666,4898.512481833333,8799.3757665,3907.1749999999997,7887.494593041666
270,2742.5528455,10163.192336,4963.49483,8886.562449666666,3958.9583333333335,7739.146357958333
271,2656.914463,9896.656959958333,4992.347047666667,8811.747864166666,3817.695833333333,7900.363126666667
272,2466.5441596666665,8943.664002166666,4908.0076579999995,8448.707824333333,3413.2333333333336,7396.141517916666
273,2583.6978623333334,9098.825479125,4937.520391,8483.014520666666,3347.695833333333,7413.70043175
274,2782.4143623333334,10434.953151583333,5207.773507166667,8756.481199833333,3865.8125,7881.619299541667
275,2734.6663843333336,10526.917670166667,5267.833588500001,9115.653878833333,4177.55,7980.313110583334
276,2729.8223208333334,10579.941533125,5379.979178166667,9104.123127666668,4196.470833333334,8201.830938125
277,2820.0810500000002,11019.333160708333,5577.518789166667,9278.433273,4036.129166666667,8682.329617083333
278,2842.3711165,11083.424070333334,5618.557485833334,9283.725524833333,4158.491666666667,8938.997498291666
279,2852.2798289999996,10163.653688458333,5624.315766166666,9114.1631955,3515.375,8703.924967625
280,2803.6348780000003,10781.335991124999,5555.204080333333,9282.439174833333,3419.1416666666664,8603.41793775
281,3049.0484484999997,11757.32580775,5788.108458166666,9987.487302833333,4026.9833333333336,9028.103467625
282,2985.0686703333336,11716.064085,5722.150734833333,10044.129578333333,4190.925,9116.727180166667
283,2820.106519166666,11044.247515833333,5711.383553,9616.996257833334,4308.520833333333,9031.882097458334
284,2941.828692833333,11308.317346333335,5786.8012355,9857.725744666666,4092.5208333333335,9051.606561583334
285,2977.455583833333,11323.412731333332,5748.561019,9996.2442735,4146.666666666667,9087.621843916668
286,2756.5874248333334,10053.60177775,5647.930485333333,9449.458260166666,3818.6083333333336,8565.241900458333
287,2864.5927214999997,10507.120498375,5673.642304666667,9464.223451,3749.2041666666664,8528.9916245
288,3014.0149671666663,12311.225397,5876.127552666666,10190.847573833335,4022.4083333333333,9226.291793125
289,3112.0742711666667,11947.341534541667,5762.295492166667,9811.814121333333,4087.2291666666665,9223.095305333334
290,3195.7677458333333,12111.026882749999,5931.265432166667,10193.033843833333,4107.433333333333,9724.032997916665
291,3288.154028333333,13183.095225625,6198.5054665,11053.044196333334,4465.716666666666,9942.977708
292,3302.8805458333336,12963.039394833335,6242.039848333334,11357.9925945,4444.483333333334,10068.072497458334
293,3165.429922,11772.292674666665,5973.721885166667,10606.152383833332,3984.5625,9791.649781833334
294,3222.086093666667,10906.802296416667,5823.128394333333,10140.350465,3717.429166666667,9334.832409958333
295,3394.9098828333335,11826.173305875001,6028.7565345,10225.896563,4079.9249999999997,9753.886821416667
296,3363.8385258333333,12288.462334999998,5889.857334166667,10162.778912666667,4391.220833333334,9989.449532749999
297,3146.1649715000003,12898.467589500002,5990.611333333333,10635.619326333333,4440.058333333333,10190.453868458333
298,3251.0440586666664,13103.063319333334,6032.3690424999995,10965.947312999999,4375.745833333333,10192.228124416666
299,3308.8114101666665,12821.944311958332,6218.797878,11147.602061,4223.254166666667,10055.076421583333
300,3184.3570321666666,11877.691038291667,6128.752004166666,10511.373029666667,3925.5499999999997,9653.112396416667
301,3184.5073253333335,11984.048138749999,6225.476943000001,10842.7133155,4093.013043478261,9748.956528125
302,3545.7692546666663,12893.517790791666,6513.423242166667,11829.579317999998,4242.075,10333.225902833334
303,3595.5240985833334,12977.781886791667,6596.345027333333,11756.7463275,4396.099999999999,10575.599525833333
304,3706.1081648333334,13711.432916166666,6567.460530833334,11956.585428666665,4643.054166666667,10820.545300791668
305,3617.9844775416664,13141.337506916667,6476.701331833334,11935.332655,4635.5,10404.769104708334
306,3502.344973875,12167.405351416666,6393.0848148333325,11076.0273785,4380.254166666667,10587.58379475
307,3309.0069369166667,11096.112861958332,6178.2935205,10298.471905166667,3985.1875,9688.854674541666
308,3195.894580625,11042.585004375002,6000.303140166667,10223.6950795,3946.1,9049.883183125
309,3290.49474375,12076.308682166666,6139.665798999999,10744.763615666667,4346.241666666667,9424.716877333334
310,3341.007665375,12255.788658208332,6013.988162666667,10864.6824665,4325.2625,9331.266002999999
311,3403.4670290833333,12550.246361416668,6108.586039833334,11185.387002166666,4386.666666666667,9617.670013875
312,3468.2320605,12627.719027541667,6248.959112166667,11297.953781999999,4320.162499999999,9837.123319
313,3474.3122609999996,12361.3163005,6329.7430385,11127.042852166667,4279.8625,9817.971397583333
314,3473.269596416667,11364.172006916668,6233.7294355,10709.7018895,3825.2041666666664,9458.84521175
315,3548.4868138750003,11916.306317458331,6336.038572833334,10892.142862833332,3818.7791666666667,9516.052676208334
316,3672.2396427500003,13791.01569375,6747.105681333333,11879.295123166667,4459.704166666666,10312.303335541666
317,3659.7062525833335,13986.755600541665,6765.6943360000005,12159.685234833334,4598.633333333333,10465.556557
318,3599.4150505,14214.133885375,6654.256112833333,12430.823558166667,4524.079166666667,10566.376474583334
319,3780.0724241666667,14477.811805416668,6712.1446025000005,12637.990050666667,4583.912499999999,10627.386799875
320,3855.794504541667,14132.72801675,6666.232712666667,12769.605912333333,4517.3,10731.192026166667
321,3729.8763180416668,13645.719908958332,6425.645807166667,12641.097118,4189.395833333333,10283.6152545
322,3709.3746306666667,13649.205071583334,6550.883103666667,12570.281114833333,4235.491666666667,9961.691747750001
323,3933.7339895416667,14362.367840541667,6885.045805666666,12667.831348,4465.858333333334,10424.955420333334
324,3911.8141715833335,14508.665602875,6999.876758166666,12678.192724666667,4571.775000000001,10509.629742125
325,3695.9781133750002,15154.739918500001,6696.0759005,12138.191518500002,4918.404166666666,11350.03475475
326,3506.674864875,13715.614445875,6551.836073666666,11926.905666666666,4918.829166666666,10721.1042995
327,3668.6987337916667,14517.585175166669,6618.814460833334,12188.537744000001,4840.158333333334,11524.084235541666
328,3625.7664198750003,14428.814737666667,6541.501103333333,11717.113158499998,4216.408333333334,11143.778362291667
329,3504.904449125,14768.560327333333,6543.413223833333,12053.0394875,4259.537499999999,11256.800839000001
330,3930.0955927083337,16441.191071541667,7114.581436333334,13219.694027666666,4968.625,12432.694593833332
331,3993.5382609583335,17246.604113666668,7254.5500635,14032.721623166668,5192.537499999999,11904.600164625
332,3751.7118589999995,16753.478191583334,6952.237879333334,13639.382128666666,5336.8,10867.76935975
333,3763.1506596666663,16202.107143000001,7025.315814833334,13441.742749333333,5259.7375,10976.400828
334,3829.075345041667,16019.771913833334,7134.441044166667,13979.309771666667,5111.041666666667,11147.769769875
335,3847.797889375,15570.811097124999,6997.123574166667,13806.135511333334,4610.316666666667,10889.186465041666
336,3807.4567747083333,15836.567151333335,7011.263314333333,13882.830341166666,4509.745833333333,11045.892053083333
337,3836.73759,17286.903922791666,7064.688925666666,14817.361492833334,4966.920833333334,11937.977864833332
338,4040.2599124166663,17188.467220374998,6998.761943500001,14863.2957185,4900.5125,11881.360462999999
339,4113.250909041667,17326.389681166667,7071.82185,14615.687054,4664.904166666666,11307.875463791666
340,4024.789803,16575.131486208335,7136.352388166666,14470.041358833334,4863.858333333334,11577.289704333334
341,3861.512018,15288.368792541667,7224.985520166666,13970.753337833334,4473.066666666667,11709.564330666666
342,3599.600662166667,13890.237291583333,6911.1812666666665,12535.844106833334,4026.9166666666665,11414.109630833334
343,3519.9048246666666,13753.291564875,6519.294772666667,12269.683347833334,3968.441666666667,11135.833704041666
344,3688.680834416667,15001.83757525,6767.289894500001,13037.011566833333,4608.75,11677.382029041668
345,3708.380185416667,15277.015467125,6881.3974001666675,12985.6136665,4801.641666666666,11863.789444833334
346,3831.714946,15739.472582833334,6956.8235715,13363.795641333332,5061.866666666667,11791.868438125
347,4135.344387041667,16175.976502500002,7025.081000666666,13827.087120833334,4979.416666666667,10997.62610825
348,4114.073319041667,15295.192160875,6773.922995333333,13425.712001333333,4561.141666666666,11034.628708666665
349,3629.8029290833333,13073.854516416666,6225.960623166667,11966.399159166665,4364.575,10857.464527458333
350,3391.7111500416668,12591.508422541667,6074.544405833333,11507.6215015,4259.0125,10326.480951916667
351,3530.464665791667,13582.193334166666,6205.196784833333,11994.186726166668,4596.933333333333,10812.029150125
352,3586.499766583333,13996.389549291665,6360.398855166666,12221.040476333334,4603.008333333333,10632.182498083333
353,3825.825327125,14520.574383875,6540.501907333332,12689.236777666667,4696.858333333334,10611.612214625
354,3956.8045490833333,14636.910488,6643.919703166666,13205.895106833334,4891.354166666667,10958.770173708333
355,3696.4722163333336,14702.309204791667,6635.754815833334,13081.646484166668,4841.395833333333,10736.561691875
356,3641.3289476249997,14581.696228625,6482.3317715,13211.517727999999,4492.979166666667,9900.684384625
357,3578.130690958333,14243.039273458335,6308.2284245,13138.725982166667,4378.625,9542.19960025
358,3461.19921825,13055.222691916666,6137.773595166666,12715.763210166668,4145.599999999999,9600.940414041666
359,3623.509059666667,14127.453500083333,6204.547432,13246.660038833334,4168.804166666667,9906.822060958333
360,3749.4893716666666,15031.349305291667,6408.054697166666,13806.495961666667,4339.6375,10479.513484666668
361,3818.7917694583334,14183.291725375,6597.729959666667,13496.436424833335,4566.279166666666,10765.920112
362,3763.679052541667,13129.298883583333,6653.3112980000005,13029.011898666666,4417.533333333334,11039.335815375
363,3725.0801525833335,12735.485534333333,6575.359834,12526.716513500001,4144.408333333334,11036.253114375
364,3768.176944375,13082.628066291667,6588.0114693333335,12463.852763666668,4169.770833333333,11706.6796635
