,SE-N hydro,SE-S hydro,NO-N hydro,NO-S hydro,FI hydro
0,0.0,0.0,0.0,0.0,187.55833058319354
1,5942.107793956045,889.3892448717949,0.0,0.0,188.42939023555414
2,5942.107793956045,889.3892448717949,0.0,0.0,168.8050619436534
3,5942.107793956045,889.3892448717949,0.0,0.0,202.72464686445085
4,5942.107793956045,889.3892448717949,0.0,0.0,231.94608985962657
5,5942.107793956045,889.3892448717949,0.0,0.0,175.57247592296994
6,5942.107793956045,889.3892448717949,0.0,0.0,206.57353917306415
7,5942.107793956045,889.3892448717949,0.0,0.0,152.46351411412627
8,902.8442510989267,1696.269759157509,0.0,1720.0754497107732,375.81584190962985
9,902.8442510989267,1696.269759157509,0.0,1720.0754497107732,222.0181488027
10,902.8442510989267,1696.269759157509,0.0,1720.0754497107732,143.160190663526
11,902.8442510989267,1696.269759157509,0.0,1720.0754497107732,120.60968333752601
12,902.8442510989267,1696.269759157509,0.0,1720.0754497107732,122.68866583801196
13,902.8442510989267,1696.269759157509,0.0,1720.0754497107732,202.87065045742457
14,902.8442510989267,1696.269759157509,0.0,1720.0754497107732,202.81233081401558
15,575.1361939560372,1718.483187728937,0.0,0.0,129.1133807219802
16,575.1361939560372,1718.483187728937,0.0,0.0,142.4214310348127
17,575.1361939560372,1718.483187728937,0.0,0.0,270.2220135454592
18,575.1361939560372,1718.483187728937,0.0,0.0,211.21654478088362
19,575.1361939560372,1718.483187728937,0.0,0.0,232.53149110164338
20,575.1361939560372,1718.483187728937,0.0,0.0,254.16560885592747
21,575.1361939560372,1718.483187728937,0.0,0.0,269.1236351250603
22,1223.3778510988993,1252.6884448717956,532.6022708105994,0.0,351.85350149842674
23,1223.3778510988993,1252.6884448717956,532.6022708105994,0.0,265.5462573289386
24,1223.3778510988993,1252.6884448717956,532.6022708105994,0.0,272.2922237231458
25,1223.3778510988993,1252.6884448717956,532.6022708105994,0.0,160.93862020972995
26,1223.3778510988993,1252.6884448717956,532.6022708105994,0.0,162.469567085991
27,1223.3778510988993,1252.6884448717956,532.6022708105994,0.0,223.78361655222193
28,1223.3778510988993,1252.6884448717956,532.6022708105994,0.0,245.7180719817992
29,662.0234510989014,1068.7531305860794,0.0,0.0,89.12977476227468
30,662.0234510989014,1068.7531305860794,0.0,0.0,242.47933882709833
31,662.0234510989014,1068.7531305860794,0.0,0.0,272.37715198824117
32,662.0234510989014,1068.7531305860794,0.0,0.0,245.54240720574808
33,662.0234510989014,1068.7531305860794,0.0,0.0,350.4928832726911
34,662.0234510989014,1068.7531305860794,0.0,0.0,360.365434729015
35,662.0234510989014,1068.7531305860794,0.0,0.0,350.3460596313556
36,969.0224796703369,935.7932448717945,0.0,0.0,355.1320938917405
37,969.0224796703369,935.7932448717945,0.0,0.0,314.1512736012509
38,969.0224796703369,935.7932448717945,0.0,0.0,289.79815428458255
39,969.0224796703369,935.7932448717945,0.0,0.0,230.176606986097
40,969.0224796703369,935.7932448717945,0.0,0.0,254.9107225200985
41,969.0224796703369,935.7932448717945,0.0,0.0,342.1501213221713
42,969.0224796703369,935.7932448717945,0.0,0.0,405.79961509066203
43,1111.4754510988919,976.1267305860816,0.0,0.0,390.4073219327406
44,1111.4754510988919,976.1267305860816,0.0,0.0,329.791852994829
45,1111.4754510988919,976.1267305860816,0.0,0.0,433.0130233428036
46,1111.4754510988919,976.1267305860816,0.0,0.0,404.8982843112935
47,1111.4754510988919,976.1267305860816,0.0,0.0,371.6308816077262
48,1111.4754510988919,976.1267305860816,0.0,0.0,327.2072556693115
49,1111.4754510988919,976.1267305860816,0.0,0.0,268.3544005471374
50,924.6063082417551,988.716787728938,0.0,0.0,286.3821344491064
51,924.6063082417551,988.716787728938,0.0,0.0,380.19067139499487
52,924.6063082417551,988.716787728938,0.0,0.0,486.6936514487962
53,924.6063082417551,988.716787728938,0.0,0.0,520.7415947944035
54,924.6063082417551,988.716787728938,0.0,0.0,500.55763451391203
55,924.6063082417551,988.716787728938,0.0,0.0,406.7707036719303
56,924.6063082417551,988.716787728938,0.0,0.0,327.9638186514069
57,694.9552225274771,766.7769591575095,0.0,0.0,347.23633845540155
58,694.9552225274771,766.7769591575095,0.0,0.0,252.13637983320575
59,694.9552225274771,766.7769591575095,0.0,0.0,344.56644030835935
60,694.9552225274771,766.7769591575095,0.0,0.0,556.3832706837618
61,694.9552225274771,766.7769591575095,0.0,0.0,634.0726818348223
62,694.9552225274771,766.7769591575095,0.0,0.0,594.406542406774
63,694.9552225274771,766.7769591575095,0.0,0.0,619.5756137615658
64,0.0,606.6740448717939,0.0,0.0,489.64527675230454
65,0.0,606.6740448717939,0.0,0.0,547.7448062362059
66,0.0,606.6740448717939,0.0,0.0,568.132503157836
67,0.0,606.6740448717939,0.0,0.0,567.3048654747628
68,0.0,606.6740448717939,0.0,0.0,584.9540694619361
69,0.0,606.6740448717939,0.0,0.0,571.7007720418301
70,0.0,606.6740448717939,0.0,0.0,540.9696369563451
71,575.9343082417596,946.5384448717947,0.0,0.0,676.8134649085077
72,575.9343082417596,946.5384448717947,0.0,0.0,643.2873897623059
73,575.9343082417596,946.5384448717947,0.0,0.0,683.3221889850091
74,575.9343082417596,946.5384448717947,0.0,0.0,573.0382916387625
75,575.9343082417596,946.5384448717947,0.0,0.0,589.4074924732514
76,575.9343082417596,946.5384448717947,0.0,0.0,684.0704245290326
77,575.9343082417596,946.5384448717947,0.0,0.0,728.4909337858955
78,206.64030824175902,1335.3197020146533,0.0,0.0,808.5866038501918
79,206.64030824175902,1335.3197020146533,0.0,0.0,830.5811458550282
80,206.64030824175902,1335.3197020146533,0.0,0.0,819.7824169342533
81,206.64030824175902,1335.3197020146533,0.0,0.0,713.9947624761355
82,206.64030824175902,1335.3197020146533,0.0,0.0,822.8552470287636
83,206.64030824175902,1335.3197020146533,0.0,0.0,927.1044995488267
84,206.64030824175902,1335.3197020146533,0.0,0.0,825.5761827584187
85,0.0,1254.433302014652,0.0,0.0,891.8710347947483
86,0.0,1254.433302014652,0.0,0.0,1045.3106284686257
87,0.0,1254.433302014652,0.0,0.0,962.2081983217317
88,0.0,1254.433302014652,0.0,0.0,1245.599389636914
89,0.0,1254.433302014652,0.0,0.0,1274.9947375303686
90,0.0,1254.433302014652,0.0,0.0,1252.4047562440733
91,0.0,1254.433302014652,0.0,0.0,1258.3272360918754
92,0.0,927.2672448717938,0.0,0.0,1349.502359583179
93,0.0,927.2672448717938,0.0,0.0,1441.443667008988
94,0.0,927.2672448717938,0.0,0.0,1543.1395472915024
95,0.0,927.2672448717938,0.0,0.0,1823.8480862796216
96,0.0,927.2672448717938,0.0,0.0,1803.1893294598642
97,0.0,927.2672448717938,0.0,0.0,1900.1964113805825
98,0.0,927.2672448717938,0.0,0.0,2007.3790303792357
99,680.1617939560429,1687.917530586081,0.0,1083.2778640580273,2020.5349132014107
100,680.1617939560429,1687.917530586081,0.0,1083.2778640580273,2244.631131866292
101,680.1617939560429,1687.917530586081,0.0,1083.2778640580273,2345.8480269645133
102,680.1617939560429,1687.917530586081,0.0,1083.2778640580273,2550.951903452428
103,680.1617939560429,1687.917530586081,0.0,1083.2778640580273,2713.571059308065
104,680.1617939560429,1687.917530586081,0.0,1083.2778640580273,2901.4442168095366
105,680.1617939560429,1687.917530586081,0.0,1083.2778640580273,3133.435960569679
106,3504.1534510989068,2624.0847305860802,0.0,4746.2556017578045,3163.728519746439
107,3504.1534510989068,2624.0847305860802,0.0,4746.2556017578045,3289.2220622541686
108,3504.1534510989068,2624.0847305860802,0.0,4746.2556017578045,3452.3842999274357
109,3504.1534510989068,2624.0847305860802,0.0,4746.2556017578045,3610.0782514397547
110,3504.1534510989068,2624.0847305860802,0.0,4746.2556017578045,3677.143034118635
111,3504.1534510989068,2624.0847305860802,0.0,4746.2556017578045,3798.3006480167232
112,3504.1534510989068,2624.0847305860802,0.0,4746.2556017578045,3932.700155064364
113,4676.4024225274725,2393.8750163003665,0.0,3274.4828764281956,4046.837417339417
114,4676.4024225274725,2393.8750163003665,0.0,3274.4828764281956,4150.941958525517
115,4676.4024225274725,2393.8750163003665,0.0,3274.4828764281956,4241.299621974041
116,4676.4024225274725,2393.8750163003665,0.0,3274.4828764281956,4316.761372016214
117,4676.4024225274725,2393.8750163003665,0.0,3274.4828764281956,4376.385346363011
118,4676.4024225274725,2393.8750163003665,0.0,3274.4828764281956,4419.461729126401
119,4676.4024225274725,2393.8750163003665,0.0,3274.4828764281956,4445.531536945907
120,3698.110822527471,1665.423873443223,0.0,298.2059466270645,4443.239188780117
121,3698.110822527471,1665.423873443223,0.0,298.2059466270645,4434.974692791242
122,3698.110822527471,1665.423873443223,0.0,298.2059466270645,4409.914520491596
123,3698.110822527471,1665.423873443223,0.0,298.2059466270645,4368.6489859580015
124,3698.110822527471,1665.423873443223,0.0,298.2059466270645,4312.005809548351
125,3698.110822527471,1665.423873443223,0.0,298.2059466270645,4241.026884865954
126,3698.110822527471,1665.423873443223,0.0,298.2059466270645,4205.51082857758
127,13820.302651098902,2612.0565591575096,5337.899607111579,18631.728002482436,4080.2212151595504
128,13820.302651098902,2612.0565591575096,5337.899607111579,18631.728002482436,4006.31026526625
129,13820.302651098902,2612.0565591575096,5337.899607111579,18631.728002482436,3880.084886749936
130,13820.302651098902,2612.0565591575096,5337.899607111579,18631.728002482436,3778.3311686547363
131,13820.302651098902,2612.0565591575096,5337.899607111579,18631.728002482436,3647.804675704019
132,13820.302651098902,2612.0565591575096,5337.899607111579,18631.728002482436,3529.0720937717097
133,13820.302651098902,2612.0565591575096,5337.899607111579,18631.728002482436,3372.9055904339766
134,25990.53579395604,3125.3143305860804,14477.030506262694,26590.785050832677,3274.835337341811
135,25990.53579395604,3125.3143305860804,14477.030506262694,26590.785050832677,3160.606742234424
136,25990.53579395604,3125.3143305860804,14477.030506262694,26590.785050832677,3037.4396147678135
137,25990.53579395604,3125.3143305860804,14477.030506262694,26590.785050832677,2933.509266004314
138,25990.53579395604,3125.3143305860804,14477.030506262694,26590.785050832677,2814.1478235223635
139,25990.53579395604,3125.3143305860804,14477.030506262694,26590.785050832677,2668.589136854145
140,25990.53579395604,3125.3143305860804,14477.030506262694,26590.785050832677,2520.5596094132197
141,19956.927051098904,1576.7797020146518,13897.312260381741,36712.64409902275,2456.387860479885
142,19956.927051098904,1576.7797020146518,13897.312260381741,36712.64409902275,2364.066095532448
143,19956.927051098904,1576.7797020146518,13897.312260381741,36712.64409902275,2280.982781842833
144,19956.927051098904,1576.7797020146518,13897.312260381741,36712.64409902275,2222.294651184436
145,19956.927051098904,1576.7797020146518,13897.312260381741,36712.64409902275,2092.2818528250514
146,19956.927051098904,1576.7797020146518,13897.312260381741,36712.64409902275,2050.713525689858
147,19956.927051098904,1576.7797020146518,13897.312260381741,36712.64409902275,2035.8120430552804
148,11521.484193956048,885.3341020146506,8929.04515863742,28162.50765342477,1954.3693057543273
149,11521.484193956048,885.3341020146506,8929.04515863742,28162.50765342477,1924.067320143526
150,11521.484193956048,885.3341020146506,8929.04515863742,28162.50765342477,1807.950298786816
151,11521.484193956048,885.3341020146506,8929.04515863742,28162.50765342477,1701.2059459136494
152,11521.484193956048,885.3341020146506,8929.04515863742,28162.50765342477,1738.3824759942008
153,11521.484193956048,885.3341020146506,8929.04515863742,28162.50765342477,1732.581853868044
154,11521.484193956048,885.3341020146506,8929.04515863742,28162.50765342477,1712.8453784286437
155,8045.848136813187,507.814102014655,8037.259954192218,32215.748635428907,1661.3889444176418
156,8045.848136813187,507.814102014655,8037.259954192218,32215.748635428907,1675.230438405859
157,8045.848136813187,507.814102014655,8037.259954192218,32215.748635428907,1663.5146997864586
158,8045.848136813187,507.814102014655,8037.259954192218,32215.748635428907,1604.219186354061
159,8045.848136813187,507.814102014655,8037.259954192218,32215.748635428907,1577.756003203324
160,8045.848136813187,507.814102014655,8037.259954192218,32215.748635428907,1557.169737638486
161,8045.848136813187,507.814102014655,8037.259954192218,32215.748635428907,1522.9931734225609
162,9827.171108241751,333.5497020146505,15219.1660605879,32174.907614491072,1630.772107172677
163,9827.171108241751,333.5497020146505,15219.1660605879,32174.907614491072,1585.0129493754182
164,9827.171108241751,333.5497020146505,15219.1660605879,32174.907614491072,1602.9571037069663
165,9827.171108241751,333.5497020146505,15219.1660605879,32174.907614491072,1432.2335830969118
166,9827.171108241751,333.5497020146505,15219.1660605879,32174.907614491072,1460.5732023745238
167,9827.171108241751,333.5497020146505,15219.1660605879,32174.907614491072,1614.8740962677366
168,9827.171108241751,333.5497020146505,15219.1660605879,32174.907614491072,1530.1968290143961
169,13318.556136813193,295.0501591575083,17412.27544629862,28708.343983320425,1661.3599125694839
170,13318.556136813193,295.0501591575083,17412.27544629862,28708.343983320425,1548.6073335776564
171,13318.556136813193,295.0501591575083,17412.27544629862,28708.343983320425,1554.1252051790661
172,13318.556136813193,295.0501591575083,17412.27544629862,28708.343983320425,1596.5266201457537
173,13318.556136813193,295.0501591575083,17412.27544629862,28708.343983320425,1536.8336668605139
174,13318.556136813193,295.0501591575083,17412.27544629862,28708.343983320425,1453.237867518827
175,13318.556136813193,295.0501591575083,17412.27544629862,28708.343983320425,1456.5428449539038
176,10272.832193956034,368.2843305860823,12260.591370115131,22005.030467664456,1531.3128207087977
177,10272.832193956034,368.2843305860823,12260.591370115131,22005.030467664456,1660.1715154916367
178,10272.832193956034,368.2843305860823,12260.591370115131,22005.030467664456,1661.9744943812932
179,10272.832193956034,368.2843305860823,12260.591370115131,22005.030467664456,1614.7823836909029
180,10272.832193956034,368.2843305860823,12260.591370115131,22005.030467664456,1509.245763010289
181,10272.832193956034,368.2843305860823,12260.591370115131,22005.030467664456,1413.7902314767944
182,10272.832193956034,368.2843305860823,12260.591370115131,22005.030467664456,1438.1563670289102
183,6368.718422527488,432.5245020146492,5889.287361488606,15551.085299281225,1427.1111413905246
184,6368.718422527488,432.5245020146492,5889.287361488606,15551.085299281225,1483.4349623741473
185,6368.718422527488,432.5245020146492,5889.287361488606,15551.085299281225,1643.7706918749218
186,6368.718422527488,432.5245020146492,5889.287361488606,15551.085299281225,1601.6459679147188
187,6368.718422527488,432.5245020146492,5889.287361488606,15551.085299281225,1527.365841556751
188,6368.718422527488,432.5245020146492,5889.287361488606,15551.085299281225,1604.32825368485
189,6368.718422527488,432.5245020146492,5889.287361488606,15551.085299281225,1524.9627360600357
190,5234.3312225274585,955.2345020146535,8069.229917152685,20948.1397511395,1490.0831052014028
191,5234.3312225274585,955.2345020146535,8069.229917152685,20948.1397511395,1608.4834751609737
192,5234.3312225274585,955.2345020146535,8069.229917152685,20948.1397511395,1537.919514173714
193,5234.3312225274585,955.2345020146535,8069.229917152685,20948.1397511395,1471.5697568203373
194,5234.3312225274585,955.2345020146535,8069.229917152685,20948.1397511395,1489.1298859116152
195,5234.3312225274585,955.2345020146535,8069.229917152685,20948.1397511395,1532.3024918582182
196,5234.3312225274585,955.2345020146535,8069.229917152685,20948.1397511395,1594.9511178655357
197,6027.39430824176,1317.5594163003666,4976.3328534893035,18178.029399384413,1478.08470011697
198,6027.39430824176,1317.5594163003666,4976.3328534893035,18178.029399384413,1448.3893546199397
199,6027.39430824176,1317.5594163003666,4976.3328534893035,18178.029399384413,1488.7824930211095
200,6027.39430824176,1317.5594163003666,4976.3328534893035,18178.029399384413,1536.5905550583211
201,6027.39430824176,1317.5594163003666,4976.3328534893035,18178.029399384413,1545.9869625656775
202,6027.39430824176,1317.5594163003666,4976.3328534893035,18178.029399384413,1576.0242059445623
203,6027.39430824176,1317.5594163003666,4976.3328534893035,18178.029399384413,1485.2297637756424
204,4453.685108241763,1240.6391877289389,3403.482542495259,8704.728718966906,1410.93387033707
205,4453.685108241763,1240.6391877289389,3403.482542495259,8704.728718966906,1425.06762411532
206,4453.685108241763,1240.6391877289389,3403.482542495259,8704.728718966906,1527.1172151452736
207,4453.685108241763,1240.6391877289389,3403.482542495259,8704.728718966906,1523.2720458199456
208,4453.685108241763,1240.6391877289389,3403.482542495259,8704.728718966906,1493.8866862653385
209,4453.685108241763,1240.6391877289389,3403.482542495259,8704.728718966906,1473.7529245747382
210,4453.685108241763,1240.6391877289389,3403.482542495259,8704.728718966906,1464.4683116629183
211,6412.459736813195,1503.7320448717946,4637.722156641996,4156.477725961326,1399.0697696607888
212,6412.459736813195,1503.7320448717946,4637.722156641996,4156.477725961326,1442.3859691559737
213,6412.459736813195,1503.7320448717946,4637.722156641996,4156.477725961326,1476.1223812271155
214,6412.459736813195,1503.7320448717946,4637.722156641996,4156.477725961326,1454.290602109309
215,6412.459736813195,1503.7320448717946,4637.722156641996,4156.477725961326,1461.8140352714663
216,6412.459736813195,1503.7320448717946,4637.722156641996,4156.477725961326,1415.442653557034
217,6412.459736813195,1503.7320448717946,4637.722156641996,4156.477725961326,1358.1461526107573
218,10467.296651098899,3285.8797020146503,7136.147417093681,23203.623444545217,1396.4607674201602
219,10467.296651098899,3285.8797020146503,7136.147417093681,23203.623444545217,1318.567819625254
220,10467.296651098899,3285.8797020146503,7136.147417093681,23203.623444545217,1464.7655299345183
221,10467.296651098899,3285.8797020146503,7136.147417093681,23203.623444545217,1457.212547480474
222,10467.296651098899,3285.8797020146503,7136.147417093681,23203.623444545217,1318.1096471997846
223,10467.296651098899,3285.8797020146503,7136.147417093681,23203.623444545217,1311.1315175019438
224,10467.296651098899,3285.8797020146503,7136.147417093681,23203.623444545217,1365.2879878414633
225,7716.421622527459,1235.5042734432232,3221.6221385812573,15329.686090480081,1404.3992000091482
226,7716.421622527459,1235.5042734432232,3221.6221385812573,15329.686090480081,1328.3303116844788
227,7716.421622527459,1235.5042734432232,3221.6221385812573,15329.686090480081,1240.3378370877913
228,7716.421622527459,1235.5042734432232,3221.6221385812573,15329.686090480081,1281.493605848094
229,7716.421622527459,1235.5042734432232,3221.6221385812573,15329.686090480081,1302.5197236168945
230,7716.421622527459,1235.5042734432232,3221.6221385812573,15329.686090480081,1211.011923572381
231,7716.421622527459,1235.5042734432232,3221.6221385812573,15329.686090480081,1430.5287078630272
232,5825.446251098923,1641.5527877289371,2911.7331372758963,10844.959698848794,1249.5379990464658
233,5825.446251098923,1641.5527877289371,2911.7331372758963,10844.959698848794,1255.9777260816422
234,5825.446251098923,1641.5527877289371,2911.7331372758963,10844.959698848794,1202.8798225501118
235,5825.446251098923,1641.5527877289371,2911.7331372758963,10844.959698848794,1290.2353639645303
236,5825.446251098923,1641.5527877289371,2911.7331372758963,10844.959698848794,1279.118211387647
237,5825.446251098923,1641.5527877289371,2911.7331372758963,10844.959698848794,1253.942964001143
238,5825.446251098923,1641.5527877289371,2911.7331372758963,10844.959698848794,1185.1461029787883
239,5483.389736813169,1720.5841591575095,2748.335988948613,4848.794370023557,1256.3178254686136
240,5483.389736813169,1720.5841591575095,2748.335988948613,4848.794370023557,1186.4987518875898
241,5483.389736813169,1720.5841591575095,2748.335988948613,4848.794370023557,1133.8244824337348
242,5483.389736813169,1720.5841591575095,2748.335988948613,4848.794370023557,1058.3460507355685
243,5483.389736813169,1720.5841591575095,2748.335988948613,4848.794370023557,1105.5604165654486
244,5483.389736813169,1720.5841591575095,2748.335988948613,4848.794370023557,1229.2786635403722
245,5483.389736813169,1720.5841591575095,2748.335988948613,4848.794370023557,1225.4242513248137
246,5288.917793956061,1046.8689020146517,7252.231946047303,1629.5354773548838,1254.37074692982
247,5288.917793956061,1046.8689020146517,7252.231946047303,1629.5354773548838,1221.1703235352297
248,5288.917793956061,1046.8689020146517,7252.231946047303,1629.5354773548838,1180.3349748425317
249,5288.917793956061,1046.8689020146517,7252.231946047303,1629.5354773548838,1068.6063269078236
250,5288.917793956061,1046.8689020146517,7252.231946047303,1629.5354773548838,1028.193051583492
251,5288.917793956061,1046.8689020146517,7252.231946047303,1629.5354773548838,921.4878064398312
252,5288.917793956061,1046.8689020146517,7252.231946047303,1629.5354773548838,969.2722214823524
253,4789.976193956017,864.6901591575082,4093.904860513863,6457.003590187519,1028.9668949868367
254,4789.976193956017,864.6901591575082,4093.904860513863,6457.003590187519,1077.0742307247647
255,4789.976193956017,864.6901591575082,4093.904860513863,6457.003590187519,1038.0521137586124
256,4789.976193956017,864.6901591575082,4093.904860513863,6457.003590187519,1079.452752435866
257,4789.976193956017,864.6901591575082,4093.904860513863,6457.003590187519,998.5910107339838
258,4789.976193956017,864.6901591575082,4093.904860513863,6457.003590187519,901.0884609925681
259,4789.976193956017,864.6901591575082,4093.904860513863,6457.003590187519,948.0109105946246
260,9100.274308241773,1252.0293591575114,6329.604669218047,29416.738594884933,1013.0854140102239
261,9100.274308241773,1252.0293591575114,6329.604669218047,29416.738594884933,1024.920869111179
262,9100.274308241773,1252.0293591575114,6329.604669218047,29416.738594884933,977.3227136463261
263,9100.274308241773,1252.0293591575114,6329.604669218047,29416.738594884933,771.2755986847314
264,9100.274308241773,1252.0293591575114,6329.604669218047,29416.738594884933,944.354142591324
265,9100.274308241773,1252.0293591575114,6329.604669218047,29416.738594884933,947.531483015215
266,9100.274308241773,1252.0293591575114,6329.604669218047,29416.738594884933,810.0257178839267
267,8355.954765384617,1057.2877020146511,7060.6527738232,13379.469234812112,790.2052570747405
268,8355.954765384617,1057.2877020146511,7060.6527738232,13379.469234812112,777.4511726190838
269,8355.954765384617,1057.2877020146511,7060.6527738232,13379.469234812112,764.7152934913581
270,8355.954765384617,1057.2877020146511,7060.6527738232,13379.469234812112,812.1157718982043
271,8355.954765384617,1057.2877020146511,7060.6527738232,13379.469234812112,904.5666913257587
272,8355.954765384617,1057.2877020146511,7060.6527738232,13379.469234812112,932.2007360641444
273,8355.954765384617,1057.2877020146511,7060.6527738232,13379.469234812112,923.6655989828087
274,5170.155451098899,984.1757591575089,4196.591496573947,9810.18900492871,807.8062246319533
275,5170.155451098899,984.1757591575089,4196.591496573947,9810.18900492871,848.5787759463244
276,5170.155451098899,984.1757591575089,4196.591496573947,9810.18900492871,783.4421239586721
277,5170.155451098899,984.1757591575089,4196.591496573947,9810.18900492871,784.3976063724886
278,5170.155451098899,984.1757591575089,4196.591496573947,9810.18900492871,739.8984700216608
279,5170.155451098899,984.1757591575089,4196.591496573947,9810.18900492871,744.160359964601
280,5170.155451098899,984.1757591575089,4196.591496573947,9810.18900492871,621.3795121564626
281,5187.712879670326,1051.2003877289378,3366.0772290794202,14853.887257290855,702.5478331504991
282,5187.712879670326,1051.2003877289378,3366.0772290794202,14853.887257290855,746.237492032045
283,5187.712879670326,1051.2003877289378,3366.0772290794202,14853.887257290855,680.624787500748
284,5187.712879670326,1051.2003877289378,3366.0772290794202,14853.887257290855,699.2718589232161
285,5187.712879670326,1051.2003877289378,3366.0772290794202,14853.887257290855,594.8062222569123
286,5187.712879670326,1051.2003877289378,3366.0772290794202,14853.887257290855,696.3303315575563
287,5187.712879670326,1051.2003877289378,3366.0772290794202,14853.887257290855,651.5144130604411
288,3866.8892225274826,891.4279877289399,968.8608771789712,4100.254597982035,703.8929944611607
289,3866.8892225274826,891.4279877289399,968.8608771789712,4100.254597982035,663.3621740371193
290,3866.8892225274826,891.4279877289399,968.8608771789712,4100.254597982035,524.72509701642
291,3866.8892225274826,891.4279877289399,968.8608771789712,4100.254597982035,591.4462937967661
292,3866.8892225274826,891.4279877289399,968.8608771789712,4100.254597982035,553.5302398865008
293,3866.8892225274826,891.4279877289399,968.8608771789712,4100.254597982035,638.1355107632248
294,3866.8892225274826,891.4279877289399,968.8608771789712,4100.254597982035,562.647382480965
295,2683.5749939560474,926.6415305860778,0.0,0.0,494.71343613158183
296,2683.5749939560474,926.6415305860778,0.0,0.0,562.6059289946123
297,2683.5749939560474,926.6415305860778,0.0,0.0,521.3528835334693
298,2683.5749939560474,926.6415305860778,0.0,0.0,559.447825171692
299,2683.5749939560474,926.6415305860778,0.0,0.0,589.6995020570217
300,2683.5749939560474,926.6415305860778,0.0,0.0,509.0540198545842
301,2683.5749939560474,926.6415305860778,0.0,0.0,498.92327148189236
302,2121.7245939560253,1352.7820448717966,0.0,1393.8699455836218,511.4371551448283
303,2121.7245939560253,1352.7820448717966,0.0,1393.8699455836218,433.5628727566424
304,2121.7245939560253,1352.7820448717966,0.0,1393.8699455836218,322.8271254652873
305,2121.7245939560253,1352.7820448717966,0.0,1393.8699455836218,414.40300636054394
306,2121.7245939560253,1352.7820448717966,0.0,1393.8699455836218,476.8705737131317
307,2121.7245939560253,1352.7820448717966,0.0,1393.8699455836218,535.6611465187389
308,2121.7245939560253,1352.7820448717966,0.0,1393.8699455836218,576.6879216058287
309,1352.9891082417687,1873.3257591575075,0.0,0.0,511.9416068649314
310,1352.9891082417687,1873.3257591575075,0.0,0.0,504.1346755736225
311,1352.9891082417687,1873.3257591575075,0.0,0.0,521.615707715489
312,1352.9891082417687,1873.3257591575075,0.0,0.0,503.07382744586215
313,1352.9891082417687,1873.3257591575075,0.0,0.0,385.48423305045105
314,1352.9891082417687,1873.3257591575075,0.0,0.0,202.66187467791303
315,1352.9891082417687,1873.3257591575075,0.0,0.0,220.73786210340018
316,742.8599653845947,1243.611073443224,0.0,0.0,324.29562452101686
317,742.8599653845947,1243.611073443224,0.0,0.0,383.6710218760866
318,742.8599653845947,1243.611073443224,0.0,0.0,375.8224709388742
319,742.8599653845947,1243.611073443224,0.0,0.0,372.4461362669527
320,742.8599653845947,1243.611073443224,0.0,0.0,343.44638084373366
321,742.8599653845947,1243.611073443224,0.0,0.0,368.734836110344
322,742.8599653845947,1243.611073443224,0.0,0.0,305.9577415645765
323,1287.0834510989166,1101.3218163003662,0.0,0.0,290.2576080000857
324,1287.0834510989166,1101.3218163003662,0.0,0.0,265.15173823243276
325,1287.0834510989166,1101.3218163003662,0.0,0.0,252.34015537901712
326,1287.0834510989166,1101.3218163003662,0.0,0.0,291.27883641819835
327,1287.0834510989166,1101.3218163003662,0.0,0.0,281.64070249974213
328,1287.0834510989166,1101.3218163003662,0.0,0.0,377.5013070415567
329,1287.0834510989166,1101.3218163003662,0.0,0.0,390.5191606608869
330,718.3163653846219,814.9774734432252,0.0,0.0,207.18117196065248
331,718.3163653846219,814.9774734432252,0.0,0.0,204.89705709147154
332,718.3163653846219,814.9774734432252,0.0,0.0,278.43686476864895
333,718.3163653846219,814.9774734432252,0.0,0.0,282.10438420323953
334,718.3163653846219,814.9774734432252,0.0,0.0,297.5440364398336
335,718.3163653846219,814.9774734432252,0.0,0.0,302.0737414604981
336,718.3163653846219,814.9774734432252,0.0,0.0,302.61327202976526
337,525.6359082417451,858.3791877289366,0.0,0.0,291.64049776587973
338,525.6359082417451,858.3791877289366,0.0,0.0,251.00714324894153
339,525.6359082417451,858.3791877289366,0.0,0.0,267.19425118700656
340,525.6359082417451,858.3791877289366,0.0,0.0,256.7507894842779
341,525.6359082417451,858.3791877289366,0.0,0.0,222.81920361118375
342,525.6359082417451,858.3791877289366,0.0,0.0,159.92712732874725
343,525.6359082417451,858.3791877289366,0.0,0.0,205.08765178567546
344,1005.1653939560462,773.5184448717949,0.0,116.78398929391567,314.6858416836641
345,1005.1653939560462,773.5184448717949,0.0,116.78398929391567,242.73581710214705
346,1005.1653939560462,773.5184448717949,0.0,116.78398929391567,320.8972877057127
347,1005.1653939560462,773.5184448717949,0.0,116.78398929391567,222.649902512724
348,1005.1653939560462,773.5184448717949,0.0,116.78398929391567,146.99449772095147
349,1005.1653939560462,773.5184448717949,0.0,116.78398929391567,116.55392341098889
350,1005.1653939560462,773.5184448717949,0.0,116.78398929391567,123.92475205159678
351,963.8162510988996,911.3625591575084,0.0,6597.928301896212,165.39526050949996
352,963.8162510988996,911.3625591575084,0.0,6597.928301896212,255.15146143580057
353,963.8162510988996,911.3625591575084,0.0,6597.928301896212,220.80019958268178
354,963.8162510988996,911.3625591575084,0.0,6597.928301896212,151.4170539899177
355,963.8162510988996,911.3625591575084,0.0,6597.928301896212,238.20507890144302
356,963.8162510988996,911.3625591575084,0.0,6597.928301896212,172.32925095240148
357,963.8162510988996,911.3625591575084,0.0,6597.928301896212,174.21641224539883
358,870.0980225274805,1178.4209591575095,0.0,0.0,94.81320592990994
359,870.0980225274805,1178.4209591575095,0.0,0.0,243.2586415642835
360,870.0980225274805,1178.4209591575095,0.0,0.0,197.19357196187752
361,870.0980225274805,1178.4209591575095,0.0,0.0,181.1794951078889
362,870.0980225274805,1178.4209591575095,0.0,0.0,241.60805421302933
363,870.0980225274805,1178.4209591575095,0.0,0.0,210.19025581898785
364,870.0980225274805,1178.4209591575095,0.0,0.0,153.7363477563042
