,C wind
0,0.3
1,0.3732233047033631
2,0.5499999999999999
3,0.7267766952966368
4,0.8
5,0.7267766952966368
6,0.55
7,0.3732233047033632
8,0.3
9,0.37322330470336307
10,0.5499999999999999
11,0.7267766952966366
12,0.8
13,0.7267766952966368
14,0.55
15,0.37322330470336335
16,0.3
17,0.3732233047033632
18,0.5499999999999998
19,0.7267766952966366
20,0.8
21,0.7267766952966368
22,0.5500000000000007
23,0.3732233047033634
24,0.3
25,0.3732233047033631
26,0.5500000000000003
27,0.7267766952966366
28,0.8
29,0.7267766952966368
30,0.5500000000000007
31,0.3732233047033634
32,0.3
33,0.37322330470336307
34,0.5500000000000002
35,0.7267766952966366
36,0.8
37,0.726776695296637
38,0.5500000000000007
39,0.37322330470336346
40,0.3
41,0.3732233047033624
42,0.55
43,0.7267766952966365
44,0.8
45,0.726776695296637
46,0.5500000000000008
47,0.3732233047033629
48,0.3
49,0.3732233047033624
50,0.55
51,0.7267766952966365
52,0.8
53,0.726776695296637
54,0.5500000000000009
55,0.37322330470336296
