,lb,lc
0,120.0,130.0
1,137.6776695296637,124.14213562373095
2,145.0,110.0
3,137.6776695296637,95.85786437626905
4,120.0,90.0
5,102.32233047033631,95.85786437626905
6,95.0,110.0
7,102.32233047033631,124.14213562373095
8,120.0,130.0
9,137.6776695296637,124.14213562373095
10,145.0,110.0
11,137.67766952966372,95.85786437626906
12,120.00000000000001,90.0
13,102.32233047033631,95.85786437626905
14,95.0,109.99999999999999
15,102.32233047033628,124.14213562373094
16,119.99999999999999,130.0
17,137.6776695296637,124.14213562373095
18,145.0,110.00000000000001
19,137.67766952966372,95.85786437626908
20,120.00000000000001,90.0
21,102.32233047033631,95.85786437626905
22,95.0,109.99999999999996
23,102.32233047033628,124.14213562373092
24,119.99999999999999,130.0
25,137.6776695296637,124.14213562373095
26,145.0,109.99999999999999
27,137.67766952966372,95.85786437626908
28,120.00000000000003,90.0
29,102.32233047033631,95.85786437626905
30,95.0,109.99999999999994
31,102.32233047033628,124.14213562373092
32,119.99999999999997,130.0
33,137.6776695296637,124.14213562373095
34,145.0,109.99999999999999
35,137.67766952966372,95.85786437626908
36,120.00000000000003,90.0
37,102.32233047033631,95.85786437626905
38,95.0,109.99999999999994
39,102.32233047033628,124.14213562373092
40,119.99999999999997,130.0
41,137.67766952966363,124.14213562373101
42,145.0,109.99999999999999
43,137.67766952966372,95.85786437626908
44,120.00000000000013,90.0
45,102.32233047033631,95.85786437626905
46,95.0,109.99999999999994
47,102.32233047033634,124.14213562373097
48,119.99999999999996,130.0
49,137.6776695296636,124.14213562373101
50,145.0,110.0
51,137.67766952966372,95.85786437626908
52,119.99999999999996,90.0
53,102.32233047033633,95.85786437626903
54,95.0,109.99999999999993
55,102.32233047033633,124.14213562373097
