,swing
0,16.0
1,16.268331382348663
2,16.811585931999883
3,17.624566733215914
4,18.698684906146777
5,20.022067616977747
6,21.579707385703344
7,23.353650813895957
8,25.32322435910786
9,27.465294316662593
10,29.754557739413723
11,32.16386063698632
12,34.66453945296108
13,37.22678152572723
14,39.82
15,42.41321847427277
16,44.975460547038914
17,47.47613936301368
18,49.885442260586274
19,52.1747056833374
20,54.31677564089214
21,56.28634918610404
22,58.06029261429665
23,59.61793238302225
24,60.94131509385322
25,62.015433266784086
26,62.82841406800012
27,63.37166861765134
28,63.64
29,63.63166861765134
30,63.34841406800012
31,62.79543326678409
32,61.981315093853226
33,60.917932383022254
34,59.62029261429665
35,58.10634918610404
36,56.39677564089214
37,54.514705683337404
38,52.48544226058628
39,50.33613936301368
40,48.095460547038925
41,45.79321847427278
42,43.46
43,41.12678152572724
44,38.824539452961105
45,36.58386063698633
46,34.434557739413734
47,32.4052943166626
48,30.52322435910787
49,28.813650813895958
50,27.29970738570335
51,26.00206761697775
52,24.938684906146776
53,24.124566733215914
54,23.57158593199988
55,23.288331382348666
