,l
0,1200.0
1,1200.0
2,1200.0
3,1200.0
4,1200.0
5,1200.0
6,1200.0
7,1200.0
8,1200.0
9,1200.0
10,1200.0
11,1200.0
12,1200.0
13,1200.0
14,1200.0
15,1200.0
16,1200.0
17,1200.0
18,1200.0
19,1200.0
20,1200.0
21,1200.0
22,1200.0
23,1200.0
24,1200.0
25,1200.0
26,1200.0
27,1200.0
28,1200.0
29,1200.0
30,1200.0
31,1200.0
32,1200.0
33,1200.0
34,1200.0
35,1200.0
36,1200.0
37,1200.0
38,1200.0
39,1200.0
40,1200.0
41,1200.0
42,1200.0
43,1200.0
44,1200.0
45,1200.0
46,1200.0
47,1200.0
48,1200.0
49,1200.0
50,1200.0
51,1200.0
52,1200.0
53,1200.0
54,1200.0
55,1200.0
