,Z hydro
0,400.0
1,400.0
2,400.0
3,400.0
4,400.0
5,400.0
6,400.0
7,400.0
8,400.0
9,400.0
10,400.0
11,400.0
12,400.0
13,400.0
14,400.0
15,400.0
16,400.0
17,400.0
18,400.0
19,400.0
20,400.0
21,400.0
22,400.0
23,400.0
24,400.0
25,400.0
26,400.0
27,400.0
28,400.0
29,400.0
30,400.0
31,400.0
32,400.0
33,400.0
34,400.0
35,400.0
36,400.0
37,400.0
38,400.0
39,400.0
40,400.0
41,400.0
42,400.0
43,400.0
44,400.0
45,400.0
46,400.0
47,400.0
48,400.0
49,400.0
50,400.0
51,400.0
52,400.0
53,400.0
54,400.0
55,400.0
